,JA_diff_l_prox_-0.004982415219760603,JV_l_prox_-1.1948230898737158,JA_diff_r_prox_0.0017757343462053148,JV_r_prox_0.4292490238965388,JA_diff_l_distal_0.0030735808708950278,JV_l_distal_0.7284636204158933,JA_diff_r_distal_-0.0028530102512979347,JV_r_distal_-0.6758037509229126,EUC_dist_l_prox_0.0,EUC_dist_l_distal_0.00039512108981286435,EUC_dist_r_prox_0.0,EUC_dist_r_distal_0.000621032309133841,EUC_dist_cube_controller_0.0007086687401823772,EUC_dist_cube_human_0.0002420442733871797
59,,-1.0130761447960246,,1.0130773772767183,,-1.018736213377688,,1.0187510329096223,0.0,0.0,0.0,0.0,0.0,0.0
60,-0.022879717295505975,-5.491132150921422,0.02287968054555578,5.491123330933391,0.0004249066832476833,0.1019776039794455,-0.00042491285465462436,-0.1019790851171078,0.0,0.000303919872546343,0.0,0.0003039258481763996,6.005261397463897e-06,0.0
61,-0.01953543440708072,-4.688504257699382,0.01956587478499383,4.695809948398522,0.019789337164779153,4.749440919546993,-0.019172231782142002,-4.601335627714076,0.0,0.0016473022595629556,0.0,0.001647300592881931,0.00037896663153692904,0.0
62,-0.018478127657751253,-4.434750637860288,0.018542082961223727,4.450099910693686,0.029736041532483215,7.136649967795963,-0.028661209080490968,-6.87869017931782,0.0,0.0014065296414427148,0.0,0.0014087198601575425,0.0004960626161241349,0.0
63,0.002307817495939335,0.5538761990254404,-0.002288151133679306,-0.5491562720830432,-0.0029736041532483215,-0.7136649967795972,0.002855760785433037,0.6853825885039218,0.0,0.001330405958323881,0.0,0.001335012150887428,0.0004124253524995296,0.0
64,0.00034647841771195953,0.0831548202508782,-0.0002817050956993583,-0.0676092229678372,0.00029736041532479884,0.0713664996779597,-0.0002883269358260332,-0.0691984645982581,0.0,0.0001661644974674542,0.0,0.00016474704205568437,0.0003270893853153387,0.0
65,0.0002511793265891349,0.0602830383813805,-0.00017992729459082035,-0.0431825507017882,4.1452807796771296e-05,0.0099486738712164,-9.363172624554661e-05,-0.0224716142989414,0.0,2.4944602811067414e-05,0.0,2.028061724293573e-05,0.00023615159972834184,0.0
66,0.0003622434840137023,0.0869384361633018,-0.00028933102708683656,-0.0694394465008464,-4.145280779632721e-06,-0.0009948673871225,2.3690835646572594e-06,0.0005685800555281,0.0,1.8087979691137773e-05,0.0,1.2958943710192704e-05,0.00015648624865382746,0.0
67,0.00040556738636365885,0.0973361727272728,-0.0003245340929181051,-0.0778881823003457,4.145280779743743e-07,9.94867387111853e-05,-2.0750104074540587e-05,-0.0049800249778805,0.0,2.607906282555908e-05,0.0,2.0832261692208457e-05,7.770605618836978e-05,0.0
68,0.00043542578895061634,0.1045021893481372,-0.0003460757335664866,-0.0830581760559579,-4.145280785294858e-08,-9.948673871384983e-06,-3.104093444639133e-05,-0.0074498242671238,0.0,2.9201361374377454e-05,0.0,2.33657263606983e-05,1.007864992026369e-05,0.0
69,0.0004511134263748273,0.1082672223299479,-0.0003509850377009238,-0.0842364090482301,-8.384491079205247e-08,-2.0122778581386765e-05,1.878934262400378e-06,0.0004509442229745,0.0,3.135038319362698e-05,0.0,2.4913444760504427e-05,4.619576031545845e-05,0.0
70,0.0004513251907554139,0.108318045781294,-0.00034751031219115713,-0.083402474925883,-2.0506007336607013e-08,-4.921441763303607e-06,-2.882105044621497e-07,-6.917052107704633e-05,0.0,3.247862252058967e-05,0.0,2.5277065098675987e-05,9.71331914253745e-05,0.0
71,0.00044405463094343567,0.1065731114264272,-0.00033587868594542325,-0.0806108846269095,5.364907136318209e-07,0.0001287577712673,-8.577940008303031e-07,-0.000205870560206,0.0,3.249712744798567e-05,0.0,2.501661777037348e-05,0.0001481536935120018,0.0
72,0.0004291446248037012,0.1029947099528776,-0.0003166108185225225,-0.0759865964453973,3.2141885930592196e-08,7.71405263158518e-06,-2.6345331360921875e-08,-6.322879537942869e-06,0.0,3.197215591866756e-05,0.0,2.4187960784933692e-05,0.00019917172199094955,0.0
73,0.00040621235550619694,0.0974909653214766,-0.000289398213961789,-0.0694555713508213,1.2414525829562706e-07,2.979486199943292e-05,-1.4862949582195029e-07,-3.567107899579234e-05,0.0,3.089338839884962e-05,0.0,2.2793050404120226e-05,0.00025016072715261273,0.0
74,0.0003749485801882724,0.0899876592451773,-0.00025393014114272194,-0.0609432338742532,1.6189236506924942e-07,3.885416762290818e-05,-1.831141165364869e-07,-4.394738798108883e-05,0.0,2.925050213460093e-05,0.0,2.0838116486916886e-05,0.00030111145737348876,0.0
75,0.00033496327851190166,0.0803911868428617,-0.00021114906303554282,-0.0506757751285315,-1.6189236506924942e-08,-3.885416761661986e-06,-2.422713377348007e-05,-0.0058145121056451,0.0,2.7000090962668034e-05,0.0,1.828188026323965e-05,0.00013438424766190762,0.0
76,0.0002857744677450258,0.0685858722588061,-0.00015645432095479084,-0.0375490370291551,1.6195547125619214e-09,3.886931440442565e-07,2.6679022061548707e-06,0.0006402965294848,0.0,2.4111183940423575e-05,0.0,1.520492648895827e-05,4.736997563526294e-05,0.0
77,0.0002756178484408789,0.0661482836258216,-0.00012502777610556848,-0.0300066662653257,-1.6195544905173165e-10,-3.886931302967164e-08,-1.2831046669603552e-07,-3.079451200629511e-05,0.0,2.0577560800024792e-05,0.0,1.1262133594104698e-05,3.5397941121685907e-06,0.0
78,0.0002684456477647368,0.0644269554635448,-0.0001224400869092035,-0.0293856208582221,3.2646441106010116e-11,7.835146253349107e-09,5.676707548474269e-08,1.3624098110127082e-05,0.0,1.984393432377698e-05,0.0,8.9972941053341e-06,9.597401171751378e-06,0.0
79,0.00026969584707847716,0.0647270032988278,-0.0001257847870967943,-0.0301883489032371,-3.264610803910273e-12,-7.835145865442428e-10,-5.676707548474269e-09,-1.3624098116338197e-06,0.0,1.932731875577473e-05,0.0,8.819574232382058e-06,4.245354980183018e-07,0.0
80,0.00027107501359135977,0.065058003261921,-0.0001290929771780025,-0.0309823145227259,-2.969291479359981e-12,-7.126334322900741e-10,2.4754440719476634e-09,5.941065697089623e-07,0.0,1.9418234250595585e-05,0.0,9.057240315539583e-06,3.914708483166748e-07,0.0
81,0.000270166261303606,0.0648399027128673,-0.0001327129783489367,-0.0318511148037443,2.9687363678476686e-13,7.126299550463955e-11,-2.4754442939922683e-10,-5.941065772674393e-08,0.0,1.9523592154071077e-05,0.0,9.292788731748196e-06,3.464006320079791e-07,0.0
82,0.00026949611059023937,0.0646790665416467,-0.00013629294835648675,-0.0327103076055674,-2.90878432451791e-14,-6.981820436872289e-12,2.4899082795570848e-11,5.975778742744559e-09,0.0,1.944712006785335e-05,0.0,9.555203319472594e-06,3.57261588049086e-07,0.0
83,0.00026884561614815006,0.0645229478755506,-0.00013982896464526107,-0.0335589515148733,2.886579864025407e-15,6.981082377784193e-13,-2.4898971773268386e-12,-5.975779870937004e-10,0.0,1.9403720860340323e-05,0.0,9.813512088678085e-06,2.5801790582403436e-07,0.0
84,0.00026819067556305143,0.0643657621351243,-0.00014337492808313979,-0.0344099827399563,-3.3306690738754696e-16,-6.927791663073065e-14,2.490230244234226e-13,5.975753225576472e-11,0.0,1.9360321853646746e-05,0.0,1.0071820955535381e-05,9.089496047629737e-08,0.0
85,0.0002678468182046867,0.064283236369136,-0.0001455165740787967,-0.0349239777789163,0.0,7.993605883180245e-15,-2.4868995751603507e-14,-5.976552586294492e-12,0.0,1.93045104000031e-05,0.0,1.0317698408577322e-05,6.99015778310224e-08,0.0
86,0.0002678813879578579,0.0642915331098911,-0.000145529972031877,-0.0349271932876457,0.0,0.0,2.4424906541753444e-15,5.968558980384843e-13,0.0,1.9287976075794592e-05,0.0,1.048098624570643e-05,3.921846558040669e-08,0.0
87,0.0002678836164852205,0.0642920679564583,-0.0001457059793581461,-0.0349694350459499,0.0,0.0,-2.220446049250313e-16,-5.86197756737385e-14,0.0,1.9292101274122644e-05,0.0,1.0478878079561155e-05,2.0709209200114364e-08,0.0
88,0.0002679034198074248,0.0642968207537813,-0.00014585699870617308,-0.0350056796894765,0.0,0.0,0.0,5.3290705182007506e-15,0.0,1.9285898034523737e-05,0.0,1.0489202986695851e-05,1.9400991529427055e-08,5.8309518948453004e-05
89,0.00026721500581594615,0.0641316013958289,-0.00013232596219503456,-0.0317582309267999,0.0,1.0587911840678754e-22,0.0,2.646977960169689e-22,0.0,1.9283825526598023e-05,0.0,1.0495416856435547e-05,1.7875221598099815e-08,5.8309518948453004e-05
90,0.0002665769510766802,0.0639784682583975,-0.00012014139420923886,-0.0288339346102105,0.0,1.0587911840678754e-22,0.0,-2.7528570785764757e-21,0.0,1.9240430169562035e-05,0.0,9.532449382463393e-06,1.6471122017490577e-08,5.830951894845302e-05
91,0.00026593434678823247,0.0638242432291647,-0.0001080619920766912,-0.025934878098393,0.0,1.0587911840678754e-22,0.0,5.293955920339377e-23,0.0,1.9197035032462594e-05,0.0,8.650072733819559e-06,1.5182284069005456e-08,0.0
92,0.000266036711542017,0.0638488107700796,-0.00010959965160250995,-0.0263039163845984,0.0,0.0,0.0,1.455837878093329e-22,0.0,1.9147441305037782e-05,0.0,7.784234538443976e-06,1.3997161238284883e-08,3.16227766016838e-05
93,0.00020532450495636123,0.0492778811895244,-0.00017346717578425874,-0.0416321221882213,0.0,-1.0587911840678754e-22,0.0,-1.3234889800848446e-23,0.0,1.9151576484569872e-05,0.0,7.891687888054455e-06,9.780916406831346e-08,5.099019513592784e-05
94,0.0002577639993018854,0.0618633598324491,-0.00010638421351349958,-0.0255322112432319,0.0,-5.6115932755597405e-21,0.0,7.72917564369549e-21,0.0,1.4783168582105255e-05,0.0,1.248330048967535e-05,5.2842782552175295e-08,4.12310562561766e-05
95,0.0002458934251599043,0.0590144220383722,-0.00010791956051336982,-0.0259006945232067,0.0,6.3527471044072535e-22,0.0,2.514629062161204e-22,0.0,1.855852287443388e-05,0.0,7.660244066965451e-06,2.1712531428718037e-08,4e-05
96,0.0002374950487519234,0.056998811700458,-0.00011783003509213685,-0.0282792084221227,0.0,7.411538288475128e-22,0.0,3.1763735522036263e-22,0.0,1.770508793356541e-05,0.0,7.771816296286173e-06,1.4756915618006005e-08,4e-05
97,0.00022996248955153842,0.0551909974923709,-0.00012558097695059,-0.0301394344681431,0.0,1.217609861678057e-21,0.0,1.1514354126738145e-21,0.0,1.7101703769597176e-05,0.0,8.482681515553211e-06,1.3724103717383324e-08,2.8284271247461892e-05
98,0.00011177497773573464,0.0268259946565723,-0.00022526513271936555,-0.054063631852648,0.0,1.4081922748102743e-20,0.0,-5.6645328347631335e-21,0.0,1.655205129041608e-05,0.0,9.040603389661403e-06,1.2663220382154751e-08,5.8309518948453004e-05
99,0.00011742279820714518,0.0281814715697047,-0.00023025912221708023,-0.0552621893321027,0.0,3.838118042246048e-22,0.0,-3.1763735522036263e-22,0.0,8.050782429886726e-06,0.0,1.6217305875490217e-05,1.1688579710964858e-08,7.615773105863909e-05
100,0.0001083821268443863,0.0260117104426598,-0.00024722296793211473,-0.059333512303699,0.0,2.646977960169689e-22,0.0,-5.293955920339377e-23,0.0,8.457879272645047e-06,0.0,1.6580977110730608e-05,1.0792715197168433e-08,0.00012806248474865698
101,-0.00020961752353620966,-0.0503082056487036,-0.00039282247754812705,-0.0942773946115558,1.319822670042825e-07,3.167574408464391e-05,6.045111855534913e-08,1.4508268457010334e-05,0.0,7.798676141281648e-06,0.0,1.780015901106936e-05,1.8121103564135077e-08,0.00023600847442411895
102,-0.0001984268391129751,-0.0476224413871219,-0.00043793103522271615,-0.1051034484534409,-1.3198226733734941e-08,-3.16757440810278e-06,-6.045111855534913e-09,-1.4508268453283756e-06,0.0,1.5091091684900749e-05,0.0,2.8285180112687735e-05,8.987361975190957e-09,0.00022022715545545242
103,-0.00040776436196332533,-0.097863446871194,-0.0005014798564995093,-0.1203551655598921,1.3198226955779546e-09,3.16757441609639e-07,6.04511218860182e-10,1.450826845328379e-07,0.0,1.4281045031068188e-05,0.0,3.152737191618557e-05,1.0270507367241358e-07,0.0004244997055358225
104,-0.0006379359276823537,-0.1531046226437767,-0.0005879171192918475,-0.1411001086300349,-1.3198231396671645e-10,-3.1675744693882564e-08,-6.045108857932746e-11,-1.4508269252632086e-08,0.0,2.936384974335374e-05,0.0,3.6108616054264365e-05,4.29378718076533e-08,0.0003982461550347975
105,-0.0005559142482343127,-0.1334194195762409,-0.0006858523605891564,-0.1646045665413895,1.3198220294441398e-11,3.1675755352037362e-09,6.045164369083977e-12,1.4508261259123292e-09,0.0,4.5926197098939946e-05,0.0,4.2330598733687917e-05,1.497991748638972e-08,0.0004172529209005015
106,-0.00046652303923067073,-0.1119655294153559,-0.0007816373423003009,-0.1875929621520742,-1.319833131674386e-12,-3.16757287065323e-10,-6.045164369083977e-13,-1.4508394485716842e-10,0.0,4.0032746768542144e-05,0.0,4.937916569513947e-05,1.1712182719755159e-08,0.00048104053883222777
107,-0.00022108478990445768,-0.0530603495770751,-0.0008622680702914387,-0.2069443368699373,-1.0183637311200755e-07,-2.444072954284669e-05,3.353112487669563e-08,8.047469970333406e-06,0.0,3.3585512479792684e-05,0.0,5.627898623581205e-05,1.84390680129733e-08,0.0005961543424315553
108,6.37304773930536e-05,0.0152953145743302,-0.0008523614722606432,-0.2045667533425623,-1.0806308736732717e-07,-2.593514097333287e-05,-7.377677579967212e-09,-1.7706426246734912e-06,0.0,1.591969410970791e-05,0.0,6.20857256665832e-05,1.7120232547911324e-08,0.0007420242583635661
109,1.8002151952800638e-05,0.0043205164686824,-0.0010342568315949707,-0.2482216395828007,1.0806308736732717e-08,2.593514096815852e-06,7.377677357922607e-10,1.7706426191924613e-07,0.0,4.587452617845735e-06,0.0,6.137293379251476e-05,8.703273797857983e-09,0.0008249242389456133
110,2.880564493124016e-05,0.0069133547834967,-0.0012100450409021635,-0.2904108098165323,-1.0806309180821927e-09,-2.593514096815848e-07,-7.377676247699583e-11,-1.7706425658980376e-08,0.0,1.2956514671718115e-06,0.0,7.445988804751699e-05,7.796333790331226e-09,0.000868389313614579
111,-3.340565027620812e-05,-0.0080173560662923,-0.001437436556144145,-0.3449847734746078,1.0806311401267976e-10,2.5935142033974425e-08,7.37765404323909e-12,1.7706422994936394e-09,0.0,2.0788188021571747e-06,0.0,8.712554413156246e-05,7.232393574693382e-09,0.0009291393867445292
112,-2.8951005211608205e-05,-0.006948241250776,-0.0016354273805074815,-0.3925025713217984,-1.0806355810188961e-11,-2.5935147363039437e-09,-7.377431998634165e-13,-1.7706369702418564e-10,0.0,2.4073793242540277e-06,0.0,0.00010349670777884745,6.713453689300561e-09,0.0010741508273980898
113,2.4910606125527757e-05,0.0059785454701188,-0.0018330466595534167,-0.4399311982928197,1.0805800698676649e-12,2.5935253944453507e-10,7.382983113757291e-14,1.7705836800110128e-11,0.0,2.085018056882176e-06,0.0,0.00011775043931893948,1.0477763922747815e-07,0.0011067971810589331
114,-0.00012612060129957303,-0.0302689443119001,-0.0021530662343663964,-0.5167358962479351,6.268565855283015e-08,1.5044558046490596e-05,1.3301093915174533e-07,3.192262539439722e-05,0.0,1.789520271855011e-06,0.0,0.00013198223741715492,4.607596488524891e-08,0.0011449017425089372
115,-0.00023682212438191907,-0.0568373098516605,-0.0024148127526707475,-0.5795550606409848,3.971716955319948e-08,9.532120695118552e-06,9.562687686148763e-08,2.29504504337676e-05,0.0,9.079846226474855e-06,0.0,0.00015501902247017728,2.6020877260979198e-08,0.0
116,-0.022244844542307907,-5.338762690153899,0.02275225550488713,5.460541321172921,0.000615543492012316,0.1477304380829653,-9.562687641739842e-09,-2.2950450446757167e-06,0.0,1.7050029818573965e-05,0.0,0.00017386285649558905,0.0014361829381028992,0.0
117,-0.017961822057202315,-4.310837293728567,0.018134806012999438,4.352353443119877,0.031400437882000753,7.536105091680174,-0.029378887705220458,-7.050933049252922,0.0,0.001601596911851257,0.0,0.0016381226613351035,0.0006479478777373719,0.0
118,-0.017978324126321055,-4.314797790317051,0.017621172854016875,4.229081484964056,0.03113421725746468,7.4722121417915215,-0.028678097300640082,-6.8827433521536125,0.0,0.0012932308359832083,0.0,0.001305689498143677,0.0006039072168896878,0.001244226667452519
119,0.0021282385965009087,0.5107772631602181,-0.004927199701387774,-1.1825279283330603,-0.0030981392065667634,-0.7435534095760232,0.0028678097300640637,0.6882743352153629,0.0,0.0012944247113125134,0.0,0.0012687103498887913,0.0005268241666585255,0.00123482792323465
120,0.00034971235133540723,0.0839309643204921,-0.003035781901680301,-0.7285876564032723,0.0003214995573462831,0.0771598937630976,-0.00028678097300638417,-0.0688274335215375,0.0,0.0001532337813562197,0.0,0.00035476271395220953,0.0004614956811539447,0.0012705904139414883
121,0.00032667559758825515,0.0784021434211728,-0.0032011712681022653,-0.7682811043445518,-1.3986945642474602e-05,-0.003356866954192,2.8678097300671723e-05,0.0068827433521532,0.0,2.518069187204445e-05,0.0,0.00021857289110176797,0.00040602833413824914,0.0012347064428438034
122,0.0003993895146776616,0.0958534835226387,-0.0036511823104188323,-0.8762837545005251,2.8428555531867516e-07,6.822853326693759e-05,-2.852871271774582e-06,-0.0006846891052238,0.0,2.3521946683688798e-05,0.0,0.00023048487561607293,0.0003075217811606889,0.0013167383946707106
123,0.0004660601370314321,0.1118544328875463,-0.004007423027812651,-0.961781526675036,-5.600158314855719e-08,-1.344037995587291e-05,4.323214656265506e-07,0.0001037571517451,0.0,2.8755805138908315e-05,0.0,0.0002628843419383829,0.00023877463980476969,0.0013418271125595872
124,0.0005228755547771469,0.1254901331465232,-0.004328726417495599,-1.0388943401989543,-1.804324289977899e-08,-4.330378305668781e-06,9.087022068143824e-08,2.1808852975329612e-05,0.0,3.3552600900012955e-05,0.0,0.00028853608678922825,0.0001740346281940711,0.0012745587471748793
125,0.0005910131724147227,0.1418431613795255,-0.004615786254619669,-1.1077887011087206,-2.6526041474461692e-08,-6.36624995249559e-06,1.1071297345566222e-07,2.657111362280447e-05,0.0,3.7651682834060456e-05,0.0,0.00031166852878859025,0.00012729291769474275,0.001120580206857145
126,0.0006070445129076063,0.1456906830978281,-0.004872111920594335,-1.1693068609426431,-4.060208169676116e-09,-9.744499604224165e-07,9.604361517201454e-08,2.30504676413319e-05,0.0,4.255052214250372e-05,0.0,0.0003323350938913557,0.00012150409091385874,0.0011374093370462553
127,0.0008574186040651854,0.2057804649756578,-0.005015227515664855,-1.2036546037595626,-1.0356502144759361e-07,-2.485560513554244e-05,5.057262808527696e-08,1.2137430751138437e-05,0.0,4.370424271992828e-05,0.0,0.0003507942532676607,0.00015998120475936277,0.001106797181058931
128,0.0008161407046716196,0.1958737691211781,-0.0052608954928662355,-1.2626149182879065,1.035650210035044e-08,2.4855605147422466e-06,-5.0572628307321565e-09,-1.21374307404662e-06,0.0,6.173866730626474e-05,0.0,0.0003610959743145168,0.0002107599411576628,0.0010783784122468346
129,0.0007178576862797437,0.1722858447071251,-0.005509945712678377,-1.3223869710427998,3.969522655022928e-08,9.52685437030926e-06,1.0469844791138883e-07,2.5127627489481797e-05,0.0,5.8758657516495774e-05,0.0,0.00037878254222999976,0.00026182176482236725,0.001068503626573163
130,0.0008135035069255503,0.1952408416621431,-0.005661580074957984,-1.3587792179899096,-3.969522710534079e-09,-9.52685437205523e-07,-1.0469844768934422e-08,-2.512762749873332e-06,0.0,5.168978760664448e-05,0.0,0.00039671231817316616,0.0003127519243001983,0.0
131,-0.021871627997196663,-5.249190719327198,0.02291700705226052,5.500081692542518,0.0008750098446718146,0.2100023627212418,1.0469844990979027e-09,2.5127627445442613e-07,0.0,5.857172658582612e-05,0.0,0.0004076389556959938,0.001512707204875801,0.0
132,-0.017610612919526536,-4.226547100686361,0.018077533703535265,4.338608088848458,0.0304046194936618,7.297108678478826,-0.029062315727622523,-6.974955774629411,0.0,0.0015747294368281767,0.0,0.0016499947948950878,0.0007669859287340366,0.0
133,-0.017643448408565687,-4.2344276180557685,0.017520111380186387,4.204826731244741,0.03027615878580936,7.266278108594237,-0.02829063450338909,-6.789752280813385,0.0,0.001267948261301414,0.0,0.0013015625441330958,0.0007038392896867488,0.0010394229168149
134,0.0030189943699115984,0.7245586487787756,-0.008230478587159196,-1.975314860918214,-0.0030272247495030102,-0.7265339398807322,0.002828897415089515,0.6789353796214908,0.0,0.0012703106664186975,0.0,0.0012614288735916233,0.0006290543669585686,0.0009596353474106708
135,0.0007381509383218021,0.1771562251972356,-0.006027535506648696,-1.4466085215956952,0.0003059152299275114,0.0734196551825905,-0.0002828897415089182,-0.0678935379621483,0.0,0.00021736638595487573,0.0,0.0005925856932419989,0.0005777993903299934,0.0009915644204992458
136,0.0006996241576389117,0.1679097978333386,-0.006142283879968291,-1.4741481311923874,-1.4700934447109404e-05,-0.0035282242672944,2.8288974150858515e-05,0.006789353796214,0.0,5.314968227295919e-05,0.0,0.0004339823332387981,0.0005262006996696229,0.0008637129152675679
137,0.0007051302412640625,0.169231257903379,-0.006573088759649015,-1.5775413023157767,1.300082828059601e-06,0.0003120198787419,-2.8145178482263944e-06,-0.000675484283576,0.0,5.0370833189528764e-05,0.0,0.0004422460390543923,0.0004017593122139324,0.0008221921916437771
138,0.0004589066042706147,0.1101375850249448,-0.006958297782343581,-1.669991467762454,-2.7273482583467512e-08,-6.545635832696118e-06,4.4122569742288675e-07,0.0001058941673883,0.0,5.077164636723934e-05,0.0,0.00047326182456175166,0.0003581257923361573,0.0007793587107359456
139,0.0005042261768780087,0.1210142824507271,-0.0071817086672743,-1.72361008014583,2.7273482361422907e-09,6.545635820032237e-07,-4.4122569708981985e-08,-1.0589416738149282e-05,0.0,3.304162668372481e-05,0.0,0.0005009951943689176,0.00031200928165028515,0.0007443117626371381
140,0.0005480242386152745,0.1315258172676843,-0.007384779335656622,-1.7723470405575763,-2.727348347164593e-10,-6.54563576674243e-08,4.412257004204889e-09,1.0589416730156218e-06,0.0,3.630492951278899e-05,0.0,0.000517084189216751,0.00028135434799149005,0.0
141,-0.021392137805300082,-5.13411307327203,0.02286247249925233,5.48699339982056,0.0010488245967044119,0.2517179032090576,-4.412257226249494e-10,-1.0589416810091735e-07,0.0,3.9458238439521986e-05,0.0,0.0005317022482626837,0.001877488963389981,0.0
142,-0.017259750524680317,-4.142340125923282,0.01807369073523546,4.337685776456508,0.029588693450493198,7.101286428118355,-0.031026588686894563,-7.446381284854704,0.0,0.001540207480000525,0.0,0.0016460642748724191,0.0009848481852950729,0.0
143,-0.017365368651030888,-4.167688476247404,0.017412707334991007,4.17904976039785,0.0293737454951164,7.049698918827948,-0.03026560103823972,-7.26374424917753,0.0,0.0012426859902833134,0.0,0.0013012854290982273,0.0009419236369926529,0.0006200806399170995
144,0.002758852971596615,0.6621247131831813,-0.010004227551238865,-2.4010146122973355,-0.0029369974680042432,-0.7048793923210281,0.0030263784701698437,0.726330832840774,0.0,0.0012502913861076057,0.0,0.0012536957894033914,0.0009004348641483078,0.0006435060217278484
145,0.0008003701441564037,0.1920888345975382,-0.007405643391818817,-1.7773544140365192,0.00029317171024756394,0.0703612104594285,-0.0003023333804003103,-0.0725600112960858,0.0,0.00019863996915201655,0.0,0.0007202985440632047,0.0008653272153057922,0.0006579513659838395
146,0.0008661291813163996,0.2078710035159319,-0.007424432379102397,-1.7818637709845837,-2.9210707410354253e-05,-0.0070105697784954,3.010462006458603e-05,0.0072251088154909,0.0,5.76252142049604e-05,0.0,0.0005332044242943991,0.0007564171683183825,0.0006700746227100379
147,0.0006943159195336168,0.1666358206880485,-0.00793620395199246,-1.9046889484781984,1.741374318975364e-05,0.0041792983655428,-3.010462006458603e-06,-0.00072251088155,0.0,6.23636031865259e-05,0.0,0.0005345590410389259,0.0007061729730343554,0.0005047771785649572
148,0.0007073759250367795,0.1697702220088309,-0.008213030418523615,-1.9711273004456675,1.3762072494816202e-05,0.003302897398762,3.0104620063475807e-07,7.225108815500647e-05,0.0,4.998923896362103e-05,0.0,0.0005714048787248069,0.0006483244957554848,0.00050477717856496
149,0.0006071010475960925,0.1457042514230742,-0.008510290408131782,-2.0424696979516224,-1.7511783644286183e-06,-0.000420282807468,-2.076490368541073e-08,-4.983576889269715e-06,0.0,5.093152332486984e-05,0.0,0.0005913371519780182,0.0004386277423692389,0.0
150,-0.021190413695575616,-5.085699286938146,0.02274482560082669,5.458758144198409,0.0014588710894833934,0.3501290614760136,2.0764903130299217e-09,4.983576884498575e-07,0.0,4.371115435552355e-05,0.0,0.0006127418251406812,0.0021771244046213476,0.0
151,-0.017113104318818406,-4.1071450365164335,0.01777647762579282,4.26635463019027,0.029454417375125552,7.069060170030137,-0.028858323418329612,-6.925997620399095,0.0,0.0015256821105791227,0.0,0.0016375950421414192,0.0006978349396781993,0.0
152,-0.017242181968157966,-4.1381236723579,0.017077752469663143,4.0986605927191615,0.029324713486719278,7.037931236812633,-0.028362900012220527,-6.807096002932923,0.0,0.0012321294970827374,0.0,0.0012798904164498196,0.0007721251252200227,0.0005255473337388382
153,0.0024441296653240907,0.5865911196777791,-0.011507463425371567,-2.761791222089184,-0.002932082381406298,-0.703699771537516,0.0028362092851754728,0.6806902284421135,0.0,0.0012414206323277184,0.0,0.0012295843409980609,0.000700632246519283,0.0003546829570193597
154,-1.3646629122399112e-05,-0.0032751909893812,-0.00886094116830416,-2.126625880393004,0.00031965210415596523,0.0767165049974194,-0.00028362092851752507,-0.0680690228442113,0.0,0.0001759784016466495,0.0,0.0008285293550199406,0.0006398829606034399,0.00042953463189829153
155,-0.00048682378633380097,-0.1168377087201079,-0.008962487382755402,-2.150996971861286,-7.509166411456825e-06,-0.0018021999387557,2.8362092851730303e-05,0.0068069022844206,0.0,9.857951568364532e-07,0.0,0.0006379915956218833,0.000593683147185539,0.0003860051813123742
156,-0.0004814732751480255,-0.1155535860355349,-0.00923940132150236,-2.217456317160572,1.8374594738634897e-05,0.0044099027372848,-2.836209285206337e-06,-0.0006806902284415,0.0,3.505009316129161e-05,0.0,0.0006452971582655523,0.0005068704742007101,0.00024351591323771944
157,1.8781354866936883e-05,0.0045075251680595,-0.009237085851326654,-2.2169006043184023,-2.036671895799813e-06,-0.0004888012549969,2.8342245794732435e-07,6.80213899177252e-05,0.0,3.466680312877108e-05,0.0,0.0006652315854692299,0.0003650756337931119,0.0
158,-0.020655325026486537,-4.957278006356756,0.0222888670100726,5.3493280824174265,0.001112493851797569,0.2669985244314077,-2.8342245772527974e-08,-6.802138990735784e-06,0.0,1.3537983774694873e-06,0.0,0.0006650672971519279,0.0021089168734485944,0.0
159,-0.016684077489243165,-4.004178597418358,0.017441065541898948,4.185855730055749,0.028786130553213107,6.908671332771139,-0.030547632546404135,-7.331431811137001,0.0,0.00148715783605478,0.0,0.001604761577021407,0.0008190836102975875,0.0
160,-0.01677870199482978,-4.026888478759161,0.01670560034140478,4.009344081937156,0.028689225298586973,6.8854140716608665,-0.029503179023861903,-7.080762965726849,0.0,0.001201237665377812,0.0,0.001255742791692429,0.0007761832779163443,0.00021540659228537785
161,0.0021743771201593876,0.5218505088382654,-0.01186881360081904,-2.848515264196564,-0.0028685324978573457,-0.688447799485763,0.002950198069854193,0.7080475367649939,0.0,0.00120805547354503,0.0,0.001202788623615289,0.000732273527551354,0.0001749285568453614
162,4.4000190856374743e-05,0.0105600458055212,-0.009065807887667532,-2.1757938930402183,0.0002933380791100282,0.0704011389864009,-0.0002950198069854304,-0.0708047536765006,0.0,0.0001565569390031322,0.0,0.0008545452337966419,0.0006877217878053046,0.00035057096285916146
163,-0.00013695135142738346,-0.0328683243425761,-0.009099175754431088,-2.183802181063472,-1.7424976467617093e-05,-0.0041819943522152,2.9501980698509733e-05,0.0070804753676503,0.0,3.1691252793973484e-06,0.0,0.0006527408132834776,0.0006484631138712778,0.00015556349186103901
164,-0.00010173426356813176,-0.0244162232563552,-0.009354993491365593,-2.245198437927748,3.898812820102293e-05,0.0093571507682322,-2.950198069839871e-06,-0.0007080475367642,0.0,9.861859483886268e-06,0.0,0.0006551343828844555,0.000496672427951457,0.0004504442251822111
165,-0.000846895554277971,-0.2032549330266969,-0.00980602679165099,-2.3534464299962488,3.0361314633187142e-05,0.0072867155119699,2.9501980702839603e-07,7.08047536761569e-05,0.0,7.324228634684914e-06,0.0,0.0006735578887072004,0.00048080792682674906,0.0
166,-0.020004147689349716,-4.800995445443927,0.02183062197741137,5.239349274578716,0.0017530417081199623,0.420730009948778,-2.9501980747248524e-08,-7.080475368681505e-06,0.0,6.0977984102080556e-05,0.0,0.0007060328964520511,0.002349302364869168,0.0
167,-0.01629163601574879,-3.909992643779717,0.017028794264345226,4.086910623442866,0.027413633733979426,6.57927209615506,-0.02982660474588439,-7.15838513901225,0.0,0.001440271879652087,0.0,0.00157177426038569,0.0005677906594594642,0.0
168,-0.016358496008553214,-3.926039042052776,0.01622302469348036,3.8935259264353,0.027638624137335532,6.633269792960528,-0.028851708596661085,-6.924410063198664,0.0,0.0011729860791947406,0.0,0.0012260613555596254,0.0006938972296580621,0.00022999999999999757
169,0.0017659032715551248,0.4238167851732233,-0.012303826194699385,-2.952918286727852,-0.0027634824841402117,-0.6632357961936579,0.0028850717357299382,0.6924172165751843,0.0,0.001177797351812049,0.0,0.001168043551887537,0.0006234489373478448,0.000270739727413621
170,-0.0006710423023121304,-0.1610501525549123,-0.009605767325729708,-2.3053841581751406,0.0002979542949593794,0.0715090307902569,-0.00028850717357303823,-0.0692417216575185,0.0,0.00012714102218596584,0.0,0.0008858715646291702,0.0005791981361404676,0.00011180339887498958
171,-0.0004154211029664956,-0.099701064711955,-0.009429880386190637,-2.263171292685745,-2.4668882538270154e-05,-0.0059205318091745,2.8850717357309374e-05,0.0069241721657515,0.0,4.8310370082967516e-05,0.0,0.0006916126008951255,0.0005503849843118302,0.0004143669871020135
172,-0.0008132276785977055,-0.1951746428634533,-0.0098277159335729,-2.358651824057501,2.2986355178722384e-06,0.000551672524293,-2.8840678442110246e-06,-0.0006921762826198,0.0,2.9914452231611993e-05,0.0,0.0006789469045242255,0.00045244433374641655,0.00023194827009486192
173,-0.0008064572322747932,-0.193549735745957,-0.009952473120656391,-2.388593548957523,-2.3155721229350945e-07,-5.5573730966446285e-05,3.411566603106486e-07,8.187759847151432e-05,0.0,5.855116220692622e-05,0.0,0.000707592122901635,0.0004220796226105395,0.0
174,-0.019490126305548805,-4.677630313331711,0.021166770834847193,5.080025000363326,0.0010859150525873162,0.2606196126209666,-3.4115666014411516e-08,-8.187759847455567e-06,0.0,5.806506452564614e-05,0.0,0.0007165758355226063,0.002092433261148368,0.0
175,-0.015805311314931375,-3.7932747155835207,0.016509929593170547,3.962383102360944,0.027088060247618895,6.501134459428538,-0.02869389428088498,-6.886534627412386,0.0,0.0014032655811488457,0.0,0.0015239785032541747,0.0006189733745079992,0.0
176,-0.01589327150477421,-3.8143851611458,0.015756633204968673,3.781591969192469,0.026877162521384,6.450519005132142,-0.02813872332706513,-6.753293598495648,0.0,0.0011379699308495651,0.0,0.0011886977143453538,0.0005729207815101796,0.0002701851217221287
177,0.0017050856570959005,0.4092205577030063,-0.012183483627444591,-2.924036070586689,-0.0026873459593221294,-0.644963030237304,0.002813779316253928,0.6753070359009419,0.0,0.0011443048476433156,0.0,0.001134470189950877,0.0005224317060202313,0.00035057096285916184
178,-0.00037097260452578773,-0.0890334250861963,-0.009396836694508082,-2.2552408066819485,0.0002683694150120153,0.064408659602864,-0.00028124777461152606,-0.0674994659067484,0.0,0.000122765118126516,0.0,0.0008772084564704798,0.00037738653097548153,8.544003745317183e-05
179,-0.000453004958141906,-0.1087211899540587,-0.009330348161758484,-2.2392835588220388,-2.668035631397947e-05,-0.0064032855153513,2.7970995932102838e-05,0.0067130390236881,0.0,2.6706777629915025e-05,0.0,0.000676567114155101,0.0002937664436098328,0.00021840329667841427
180,-0.0010753897989728978,-0.2580935517534962,-0.009827242139766157,-2.3585381135438777,2.914220254390809e-06,0.000699412861052,-2.5760062732915756e-06,-0.0006182415055959,0.0,3.2616796386934494e-05,0.0,0.000671782819344971,0.00021074565224982848,0.0001581138830084202
181,-0.0002299519574718023,-0.0551884697932412,-0.009597028563102739,-2.3032868551446515,-6.409083490033218e-07,-0.0001538180037417,1.6315553630352753e-07,3.9157328729014825e-05,0.0,7.743059895092477e-05,0.0,0.0007075621298281942,0.00012959312684734134,0.0
182,-0.01874736719800521,-4.499368127521246,0.020580949237448465,4.939427816987628,0.0012523958436763127,0.3005750024823215,-1.63155535748416e-08,-3.915732872616928e-06,0.0,1.6555672925230922e-05,0.0,0.0006909822677471942,0.001720849090389647,0.0
183,-0.015670834003437994,-3.761000160825117,0.016592625532292904,3.982230127750288,0.02365956658372037,5.678295980092883,-0.011408783045473603,-2.738107930913664,0.0,0.0013497920203016452,0.0,0.0014818041698661092,0.0015548518183417827,0.0
184,-0.015174146803628497,-3.6417952328708343,0.015382617122080666,3.6918281092993728,0.025206098132646404,6.049463551835151,-0.028174625706508305,-6.761910169561991,0.0,0.0011282869825206873,0.0,0.001194654453716353,0.0008746218473559471,0.0001431782106327652
185,0.00033042465876959026,0.079301918104695,-0.01242909975319928,-2.982983940767832,-0.0025052837339100686,-0.6012680961384156,0.002817462570650797,0.6761910169561993,0.0,0.0010925273525618476,0.0,0.001107538315895656,0.000884495721758554,0.0003436568055487919
186,-0.0017359698645534882,-0.4166327674928378,-0.009730937518597327,-2.335425004463348,0.0002503295191119692,0.0600790845868713,-0.00028174625184312907,-0.0676191004423689,0.0,2.3788332052568753e-05,0.0,0.0008948902984644111,0.0006143644219313382,0.00027856776554367876
187,-0.0023364636205679135,-0.5607512689362982,-0.009863557818899027,-2.3672538765357563,-2.32865905652746e-05,-0.0055887817356702,2.8174625184340663e-05,0.0067619100442364,0.0,0.00012498937699895505,0.0,0.000700625392154575,0.0005871832195665524,0.0004809365862564468
188,-0.002090114939062887,-0.5016275853750829,-0.009984905176069092,-2.396377242256581,2.3286590565829712e-06,0.0005588781735665,-2.817462518511782e-06,-0.0006761910044241,0.0,0.0001682251283565388,0.0,0.0007101747587285898,0.0005581327551171723,0.00019646882704388373
189,-0.0018434984393491949,-0.4424396254438227,-0.009964235939066257,-2.3914166253758906,-3.3394735482472626e-07,-8.014736514013604e-05,2.7422794557363517e-07,6.581470692233014e-05,0.0,0.0001504897978038764,0.0,0.0007189045481897995,0.0005508089087372547,0.00042059481689625896
190,-0.0012625106384389073,-0.3030025532253251,-0.009838062695054939,-2.361135046813172,-2.077204084849349e-07,-4.98528980328803e-05,-7.732987677977476e-08,-1.8559170430005415e-05,0.0,0.000132730109286007,0.0,0.0007174253422952749,0.0005556138984307894,0.00019924858845171334
191,-0.0014305845653986016,-0.3433402956956677,-0.009969136268978995,-2.392592704554959,9.562380690053551e-07,0.0002294971365503,7.67256797706839e-07,0.0001841416314651,0.0,9.090135474653273e-05,0.0,0.0007083389622924331,0.0005713118332246362,0.00048020828814171945
192,-0.0016074113315849015,-0.3857787195803623,-0.010084786146425162,-2.4203486751420424,8.959245952899764e-07,0.0002150219028706,6.028406037694722e-07,0.0001446817449112,0.0,0.00010300163337920442,0.0,0.0007177741953760284,0.0004087506582536961,0.0
193,-0.018482402242808005,-4.435776538273919,0.020154090010856773,4.836981602605612,0.00013742109228820354,0.0329810621491867,-6.028406029923161e-08,-1.4468174490467224e-05,0.0,0.00011573288742147777,0.0,0.0007261003460714918,0.0010018448271492254,0.0
194,-0.015179019596416182,-3.6429647031399073,0.01566260204738401,3.759024491372166,0.027252778049211,6.540666731810627,-0.01779201316872836,-4.270083160494791,0.0,0.0013307141204932972,0.0,0.0014510698346328337,0.0006885709427293535,0.0
195,-0.015094454418808412,-3.6226690605140175,0.015007500124167406,3.6018000298001684,0.02512785057154493,6.030684137170785,-0.018043257860251738,-4.330381886460424,0.0,0.0010928790380199307,0.0,0.001127693076037621,0.0013513229882624821,9.219544457292962e-05
196,4.240904665339662e-05,0.0101781711968262,-0.012627589008404105,-3.0306213620169937,-0.0024089243529923365,-0.578141844718143,0.0018043257860251294,0.4330381886460426,0.0,0.0010867897441973592,0.0,0.0010805307425565504,0.0013090217742928586,0.00010000000000000147
197,-0.002744130509952397,-0.6585913223885719,-0.010310136189650931,-2.474432685516229,0.00028198094473963486,0.0676754267375071,-0.0001804325786025074,-0.0433038188646044,0.0,3.0525384229156683e-06,0.0,0.0009091751322061911,0.0012432306624184336,0.0002701851217221225
198,-0.0033739527702468936,-0.8097486648592547,-0.010484858689447707,-2.51636608546746,6.957863779022411e-07,0.0001669887306941,1.80432578603118e-05,0.0043303818864601,0.0,0.00019757934229718726,0.0,0.0007423307356448222,0.001189160588764643,0.00010000000000000356
199,-0.003563466941633897,-0.8552320659921299,-0.010742820563681366,-2.578276935283533,1.4132412124501226e-05,0.0033917789098811,-1.8043257860034245e-06,-0.0004330381886461,0.0,0.00024292426158211482,0.0,0.0007549057312403803,0.0011341390947918243,0.0003214031735997615
200,-0.0032886128406810072,-0.7892670817634505,-0.01080163424924796,-2.5923922198195104,4.284796538189806e-06,0.0010283511691509,1.8043257860034245e-07,4.330381886408219e-05,0.0,0.0002565675346449929,0.0,0.0007734801542533654,0.0010739636051086288,0.0002247220505424438
201,-0.0044709191529589964,-1.0730205967101596,-0.011208995318146009,-2.690158876355045,-5.207422465330902e-05,-0.0124978139167746,-1.804325788778982e-08,-4.330381886408219e-06,0.0,0.00023678212062884727,0.0,0.000777711673225655,0.0010411079501272214,0.0003622154055254957
202,-0.004590883721172209,-1.1018120930813209,-0.011356902812748926,-2.72565667505975,6.4945606899069475e-06,0.0015586945655716,1.8043257998812123e-09,4.330381893069557e-07,0.0,0.0003219031720063083,0.0,0.0008070447630024208,0.0009861625508669999,0.0
203,-0.01703993276837959,-4.089583864411111,0.02092016871383684,5.020840491320834,3.261445945629271e-05,0.0078274702695075,-1.8043261329481197e-10,-4.3303819197149096e-08,0.0,0.0003305438990534648,0.0,0.0008176934466516556,0.001583564894369001,0.0
204,-0.014065056773357301,-3.375613625605742,0.016452855267432676,3.948685264183846,0.02312117475818931,5.549081941965415,-0.01880110935601781,-4.512266245444282,0.0,0.0012268607725861515,0.0,0.0015062263881107478,0.0012026127322443,0.0
205,-0.014208254789436402,-3.409981149464747,0.016046166239876314,3.851079897570308,0.019690970050678158,4.725832812162769,-0.01573612241799882,-3.7766693803196985,0.0,0.0010126764021167708,0.0,0.0011845913441581892,0.0017571833603660192,0.00038626415831656227
206,-0.0028565403853264004,-0.6855696924783397,-0.014225922402807178,-3.414221376673733,-0.0019505069247331974,-0.4681216619359647,0.0015736122417999154,0.3776669380319708,0.0,0.0010229839991659157,0.0,0.001155309322667562,0.002135475304448322,0.00020248456731316534
207,-0.003870008043559199,-0.9288019304541998,-0.011145926502966197,-2.6750223607118957,0.00043646027044264013,0.1047504649062275,-0.0003946196339373875,-0.0947087121449686,0.0,0.00020567180865470257,0.0,0.0010242574330905476,0.0018961655557891335,0.0002080865204668445
208,-0.0032042055487499985,-0.7690093316999985,-0.010785870085682658,-2.5886088205638265,-4.36460270442085e-05,-0.0104750464906233,3.844856684920295e-05,0.0092276560438132,0.0,0.00027864021160629556,0.0,0.0008025011597465352,0.0018072519542431278,0.00022472205054244751
209,-0.0027173342214779003,-0.6521602131547052,-0.010859110497079438,-2.60618651929907,4.36460270442085e-06,0.0010475046490623,-5.851849187721303e-06,-0.0014044438050549,0.0,0.00023070323869599016,0.0,0.0007765795271903634,0.001723371898808455,0.00021095023109728901
210,-0.0022893856094444026,-0.5494525462666465,-0.010834763926681035,-2.600343342403445,-4.3646027042543167e-07,-0.0001047504649063,1.7659615306198084e-06,0.0004238307673501,0.0,0.00019564783452416957,0.0,0.0007818512326772278,0.0016505762114206737,0.0001769180601295367
211,-0.0016813506429135018,-0.4035241542992399,-0.010694063313121172,-2.5665751951490914,2.482392680303036e-08,5.9577424267528176e-06,1.6208061504041638e-08,3.889934777310004e-06,0.0,0.00016483453107284332,0.0,0.0007801018166349881,0.0015803181526598308,0.00017804493814765318
212,-0.001052222079197699,-0.2525332990074656,-0.01053348526900122,-2.528036464560301,-2.634359455022661e-07,-6.322462690164262e-05,-6.562495313833239e-08,-1.5749988763647145e-05,0.0,0.00012105734009591172,0.0,0.0007699660105551344,0.0015126123771007957,8.99999999999998e-05
213,-0.00037824416503599856,-0.0907785996086307,-0.010352857271663796,-2.484685745199321,-2.5342892812085793e-07,-6.08229427504704e-05,-6.586867906666072e-08,-1.580848296199274e-05,0.0,7.576105361278998e-05,0.0,0.0007584097305738686,0.001447558532950248,0.00025079872407968656
214,0.0002766903991797999,0.066405695803154,-0.010159538822435699,-2.438289317384557,-2.465835038933939e-07,-5.918004094268622e-05,-7.118688882812307e-08,-1.7084853326024317e-05,0.0,2.723280797478975e-05,0.0,0.0007454040037499959,0.001385332726843469,0.00024698178070457224
215,0.0014092078378548957,0.3382098810851701,-0.00969593389456358,-2.327024134695268,-4.4554096206850247e-07,-0.0001069298308954,-1.8292268039177273e-07,-4.390144328938106e-05,0.0,1.9920374291688916e-05,0.0,0.0007314785973175597,0.0013261878614209154,0.0
216,-0.019098312829348395,-4.583595079043602,0.0198663747062221,4.767929929493297,4.45540961901969e-08,1.069298308964406e-05,-0.0006186508094631615,-0.1484761942711526,0.0,0.00010146301956009256,0.0,0.0006981059615752065,0.0015103616677513863,0.0
217,-0.0173277967010792,-4.158671208259053,0.017167310818610226,4.120154596466449,-7.31934362230291e-07,-0.0001756642469203,6.269542365927583e-05,0.015046901678227,0.0,0.0013750570772698913,0.0,0.0014303537771728446,0.001452426796107309,0.0
218,-0.0167303971067509,-4.01529530562021,0.01691036669297752,4.058488006314596,1.2832738419121803e-06,0.0003079857220617,-6.269542365988645e-06,-0.0015046901678226,0.0,0.0012475853516410262,0.0,0.0012360354958098406,0.0015738918535287397,0.0
219,-0.016081243962326,-3.8594985509582256,0.016481310318077202,3.95551447633852,8.609363987277519e-07,0.0002066247356938,6.269542365822112e-07,0.0001504690167823,0.0,0.001204575454237989,0.0,0.0012175269511841345,0.0015945668260175445,4.999999999999796e-05
220,0.005599898389077498,1.3439756133786012,-0.010651912968029587,-2.5564591123270994,-7.569371732185637e-07,-0.0001816649215736,7.769839602822515e-07,0.0001864761504571,0.0,0.0011578372566687296,0.0,0.0011866441634780277,0.0016155576663736705,0.0
221,-0.017223516284868,-4.133643908368322,0.01807400689137806,4.3377616539307375,7.822425104886399e-07,0.0001877382025183,-9.668679216701115e-07,-0.0002320483011917,0.0,0.0004031924880900237,0.0,0.0007669324008047391,0.0016367092136309346,0.0
222,-0.0152899903363262,-3.669597680718288,0.015611149911487265,3.7466759787569472,-8.742865085786811e-07,-0.0002098287620597,1.111813498710923e-06,0.0002668352396711,0.0,0.0012400768249822656,0.0,0.0013013101141555814,0.0016500091004740547,0.0
223,-0.014913349435985795,-3.579203864636596,0.015178183995662509,3.642764158958999,-6.436068211712609e-08,-1.5446563708289805e-05,6.390774048847803e-08,1.5337857733106145e-05,0.0,0.0011008688261413574,0.0,0.0011239906039004002,0.001650898689611375,0.0
224,-0.014459597782231909,-3.47030346773566,0.014611593101828468,3.50678234443882,-1.7720470529836163e-07,-4.252912928829613e-05,2.239345803789483e-07,5.374429928248778e-05,0.0,0.0010737515868820572,0.0,0.0010928178955579698,0.0016548255858039908,0.0
225,-0.014014192797142902,-3.363406271314308,0.014068138574282463,3.3763532578277964,-1.6276003617088364e-07,-3.906240867293e-05,1.9872124029651772e-07,4.769309768970801e-05,0.0,0.0010410827866818872,0.0,0.001052025672221257,0.0016622515353112348,0.0
226,-0.013566880670552395,-3.256051360932557,0.013543993372604923,3.2505584094251763,-1.6523087392750213e-07,-3.96554097493913e-05,1.9351285313051747e-07,4.644308474531056e-05,0.0,0.0010090120595004693,0.0,0.001012896946249568,0.0016730150963677006,0.0
227,-0.01311869600865849,-3.1484870420780404,0.013039669006487786,3.1295205615570745,-1.6558285170775733e-07,-3.973988441048062e-05,1.8608096358230242e-07,4.465943124859809e-05,0.0,0.0009768084538226388,0.0,0.0009751619066618222,0.0016869356009062552,0.0
228,-0.012670116480009208,-3.040827955202232,0.012555178535135991,3.0132428484326272,-1.6594128310343237e-07,-3.9825907941588726e-05,1.7884592029560054e-07,4.292302088641613e-05,0.0,0.0009445393519231394,0.0,0.0009388455050200261,0.0017038283511826408,0.0
229,-0.012221693927720795,-2.9332065426529783,0.012090345754127263,2.901682980990548,1.659412823817874e-08,3.982590794482377e-06,-1.3240571720141148e-06,-0.000317773721285,0.0,0.0009122431907863656,0.0,0.0009039684697894067,0.0017788086750292155,0.0
230,-0.011773960174809806,-2.825750441954367,0.011645307829849627,2.794873879163917,-1.6594128293689892e-09,-3.982590790485574e-07,-8.386272882798806e-07,-0.0002012705491999,0.0,0.000879955385542682,0.0,0.0008704980845003346,0.0018682693195510873,0.0
231,-0.01129896976784181,-2.7117527442820246,0.011252750937988887,2.700660225117319,1.6594131624358965e-10,3.9825907904855746e-08,-9.948227177036806e-07,-0.0002387574522466,0.0,0.0008477207820956317,0.0,0.0008384610274792172,0.0018612348398369667,0.0
232,-0.010731364453458986,-2.575527468830162,0.010977394012287311,2.634574562948961,-1.6594114971013596e-11,-3.982590257578522e-09,-1.0764402356699954e-06,-0.0002583456565668,0.0,0.0008135204758088275,0.0,0.0008101938965333274,0.001855099743167526,0.0
233,-0.010183384119765715,-2.4440121887437654,0.010701293278683688,2.5683103868840806,1.6207035713478035e-12,3.88964357142356e-10,-1.1610478790058387e-06,-0.0002786514909513,0.0,0.0007726550769042286,0.0,0.0007903658738224162,0.001840482138858204,0.0
234,-0.0096487273386473,-2.3156945612753583,0.010431897137617996,2.503655313028333,-1.9989565558375944e-13,-4.7972071844440405e-11,-7.484128073387275e-07,-0.0001796190737708,0.0,0.0007331999848733868,0.0,0.0007704881373909432,0.0018286806377546191,0.0
235,-0.009130760226364387,-2.1913824543274574,0.010165684403964703,2.4397642569515163,-2.1277594569601987e-07,-5.1066226963369216e-05,1.8246659333476245e-07,4.3791982410422816e-05,0.0,0.0006947067222904824,0.0,0.0007510969256952312,0.0017512662466921125,0.0
236,-0.008629569650609792,-2.071096716146352,0.009902944192697327,2.376706606247367,-1.8482944241782207e-07,-4.435906617572701e-05,8.847141608203657e-08,2.123313985531749e-05,0.0,0.0006574125345062127,0.0,0.0007319239135122979,0.0017258269139351628,0.0
237,-0.008161805268989325,-1.9588332645574265,0.009626891770486201,2.3104540249166727,-1.7391981810277457e-07,-4.174075633211496e-05,1.0345918471932336e-07,2.4830204321352688e-05,0.0,0.0006213267485658876,0.0,0.0007130072151045215,0.001730449801401781,0.0
238,-0.007714965220760178,-1.8515916529824523,0.009350796437546494,2.2441911450111536,-1.664836464798647e-07,-3.995607515334162e-05,1.0209366146929355e-07,2.450247875490218e-05,0.0,0.0005876472665884169,0.0,0.0006931345598434166,0.0016599409906956938,0.0
239,-0.007290976364841106,-1.7498343275618615,0.009073032807927761,2.1775278739026764,-1.578878797148242e-07,-3.789309113332175e-05,1.0302813130413924e-07,2.472675152752086e-05,0.0,0.0005554777526791999,0.0,0.0006732559985375698,0.0016394111057417057,0.0
240,-0.006884137677877988,-1.6521930426906977,0.008798846003220118,2.1117230407728087,-1.5176009388051526e-07,-3.642242254906994e-05,1.0155468099792841e-07,2.437312343883235e-05,0.0,0.0005249484415177752,0.0,0.0006532575705557645,0.0016166488816989368,0.0
241,-0.006495033932121308,-1.5588081437091288,0.00852818939642519,2.0467654551420624,-1.4513284740669263e-07,-3.4831883369831364e-05,1.0033642322548886e-07,2.4080741565013822e-05,0.0,0.0004956568960773384,0.0,0.0006335129970569512,0.0007828092253280913,0.0
242,-0.006123835895127494,-1.4697206148305904,0.008260871258232494,1.9826091019758,-1.3847389690457845e-07,-3.3233735251059064e-05,9.916860227443536e-08,2.3800464555237414e-05,0.0,0.00046764146755988917,0.0,0.0006140267079459073,0.0007524428712680757,0.0
243,-0.005811314832957326,-1.3947155599097678,0.007954905373197818,1.9091772895674683,-1.1488554729766065e-07,-2.757253136206737e-05,1.154191157093365e-07,2.770058775590522e-05,0.0,0.00044091613736822857,0.0,0.0005947825413187212,0.0006595690216069336,0.0
244,-0.0055114775393526605,-1.3227546094446183,0.007660198692062803,1.838447686095084,-1.120526009201761e-07,-2.689262420972117e-05,1.092317368223128e-07,2.6215616839180437e-05,0.0,0.000418413243479039,0.0,0.0005727512948695971,0.0005688281518239869,0.0
245,-0.005224640722338247,-1.253913773361182,0.0073764441662315106,1.7703465998955623,-1.070156915861098e-07,-2.5683765996159055e-05,1.0539860567648773e-07,2.5295665381374125e-05,0.0,0.00039682664033078305,0.0,0.000551535047217832,0.00048097398996449855,0.0
246,-0.004950317249838299,-1.1880761399611863,0.007103478226185289,1.7048347742844747,-1.0239422637559059e-07,-2.4574614324730272e-05,1.0139269340792012e-07,2.4334246424424907e-05,0.0,0.000376173562363157,0.0,0.0005311005383670787,0.00039743538540279374,0.0
247,-0.004688069244922655,-1.1251366187814429,0.006841118148332215,1.641868355599725,-9.790750082894206e-08,-2.349780019882396e-05,9.747385948388754e-08,2.3393726272404004e-05,0.0,0.00035642274187421273,0.0,0.0005114509213282777,0.0003210732863098969,0.0
248,-0.004437460503753932,-1.0649905209009491,0.006589174195488601,1.581401806917268,-9.3583203408798e-08,-2.245996881336087e-05,9.361949510067191e-08,2.2468678811941487e-05,0.0,0.00033754014280453447,0.0,0.0004925584137400808,0.00025779679939595923,0.0
249,-0.004198057721261972,-1.0075338531028857,0.006347452467807602,1.5233885922738053,-8.941778456561522e-08,-2.1460268298692075e-05,8.98339103105883e-08,2.156013848506256e-05,0.0,0.0003194975010862532,0.0,0.00047441764760255105,0.0002187546350313049,0.0
