,x,y,rmag,f_x,f_y,f_rot_mag
0,-0.0,-0.0,0.0,0,0,0
1,-0.0,-0.0,0.0,0,0,0
2,-0.0,-0.0,0.0,0,0,0
3,-0.0138,0.0031,0.0,0,0,0
4,-0.0,-0.0,0.0,0,0,0
5,-0.0,-0.0,0.0,0,0,0
6,-0.0,-0.0,0.0,0,0,0
7,-0.0,-0.0,0.0,0,0,0
8,-0.0,-0.0,0.0,0,0,0
9,-0.0,-0.0,0.0,0,0,0
10,-0.0,-0.0,0.0,0,0,0
11,-0.0,-0.0,0.0,0,0,0
12,-0.0,-0.0,0.0,0,0,0
13,-0.0,-0.0,0.0,0,0,0
14,-0.0,-0.0,0.0,-0.0009,0.0002,0.0
15,-0.0,-0.0,0.0,-0.0009,0.0002,0.0
16,-0.0,-0.0,0.0,-0.0009,0.0002,0.0
17,-0.0,-0.0,0.0,-0.0009,0.0002,0.0
18,-0.0,-0.0,0.0,0.0,0.0,0.0
19,-0.0,-0.0,0.0,0.0,0.0,0.0
20,-0.0138,0.0031,0.0,-0.0009,0.0002,0.0
21,-0.0,-0.0,0.0,-0.0009,0.0002,0.0
22,-0.0,-0.0,0.0,-0.0009,0.0002,0.0
23,-0.0,-0.0,0.0,-0.0009,0.0002,0.0
24,-0.0,-0.0,0.0,-0.0009,0.0002,0.0
25,-0.0,-0.0,0.0,-0.0009,0.0002,0.0
26,-0.0,-0.0,0.0,-0.0009,0.0002,0.0
27,-0.0,-0.0,0.0,-0.0009,0.0002,0.0
28,-0.0,-0.0,0.0,-0.0009,0.0002,0.0
29,-0.0,-0.0,0.0,-0.0009,0.0002,0.0
30,-0.0,-0.0,0.0,-0.0009,0.0002,0.0
31,-0.0,-0.0,0.0,-0.0009,0.0002,0.0
32,-0.0,-0.0,0.0,-0.0009,0.0002,0.0
33,-0.0,-0.0,0.0,-0.0009,0.0002,0.0
34,-0.0,-0.0,0.0,-0.0009,0.0002,0.0
35,-0.0,-0.0,0.0,0.0,0.0,0.0
36,-0.0,-0.0,0.0,0.0,0.0,0.0
37,-0.0,-0.0,0.0,0.0,0.0,0.0
38,-0.0,-0.0,0.0,0.0,0.0,0.0
39,0.0094,-0.0155,0.0,0.0006,-0.001,0.0
40,0.006,0.0005,0.0,0.001,-0.001,0.0
41,-0.0119,-0.0062,1.9608,0.0002,-0.0014,0.1307
42,0.0064,-0.0072,0.0,0.0007,-0.0019,0.1307
43,0.0159,-0.0224,0.0,0.0017,-0.0034,0.1307
44,-0.0263,-0.0051,1.9608,-0.0,-0.0037,0.2614
45,0.0133,-0.0137,1.9608,0.0009,-0.0046,0.3922
46,0.0203,-0.0173,3.0561,0.0022,-0.0058,0.5959
47,0.0219,-0.0176,3.9081,0.0037,-0.007,0.8564
48,0.0094,-0.011,3.0561,0.0043,-0.0077,1.0602
49,0.0147,-0.031,3.0561,0.0053,-0.0098,1.2639
50,-0.0032,-0.0297,1.9608,0.0051,-0.0117,1.3946
51,-0.0047,-0.0348,0.0,0.0047,-0.0141,1.3946
52,0.0084,-0.0455,0.0,0.0053,-0.0171,1.3946
53,0.0205,-0.0545,0.0,0.0067,-0.0207,1.3946
54,0.01,-0.0578,1.9701,0.0067,-0.0236,1.526
55,0.0085,-0.0559,0.9321,0.0069,-0.0273,1.5881
56,0.0165,-0.0729,1.9701,0.0088,-0.0318,1.5887
57,0.0069,-0.0885,2.9741,0.0088,-0.0372,1.787
58,0.0129,-0.0845,1.9701,0.0086,-0.0413,1.9184
59,0.0134,-0.0922,1.9701,0.0113,-0.0471,1.919
60,0.0144,-0.1046,3.9451,0.0113,-0.0532,2.0513
61,0.0147,-0.1123,3.9451,0.011,-0.0595,2.1105
62,0.0452,-0.1287,4.9162,0.0125,-0.0669,2.1777
63,0.0294,-0.1427,5.9201,0.0138,-0.0757,2.3687
64,0.0288,-0.1557,7.8903,0.0148,-0.084,2.6909
65,0.0283,-0.169,9.8513,0.0169,-0.0933,3.217
66,0.0097,-0.1782,9.8513,0.0178,-0.1029,3.8737
67,0.0169,-0.1926,12.9178,0.0184,-0.1127,4.7349
68,0.0207,-0.1973,13.7276,0.0184,-0.1222,5.6501
69,0.0154,-0.2057,12.9178,0.0188,-0.1321,6.3799
70,0.014,-0.2074,12.9178,0.0191,-0.1422,7.179
71,0.014,-0.2064,12.9178,0.019,-0.1511,7.9088
72,0.0022,-0.2133,11.7985,0.0187,-0.1594,8.4971
73,0.009,-0.2123,12.9178,0.0184,-0.1679,9.227
74,0.009,-0.2123,12.9178,0.0181,-0.1759,9.9568
75,0.009,-0.2123,12.9178,0.0178,-0.1831,10.555
76,0.009,-0.2123,12.9178,0.0174,-0.1897,11.1532
77,0.009,-0.2123,12.9178,0.015,-0.1953,11.6866
78,0.009,-0.2123,12.9178,0.0136,-0.2,12.1531
79,0.0256,-0.2141,11.7985,0.0134,-0.2039,12.4137
80,0.0138,-0.216,11.7985,0.0124,-0.207,12.5435
81,0.0206,-0.2176,9.8513,0.0131,-0.2096,12.5435
82,0.0032,-0.2222,9.8513,0.0122,-0.2116,12.3391
83,0.007,-0.2225,11.7985,0.0113,-0.2133,12.2105
84,0.0088,-0.2275,9.8513,0.0109,-0.2147,12.006
85,0.0088,-0.2275,9.8513,0.0105,-0.2161,11.8016
86,0.0088,-0.2275,9.8513,0.0102,-0.2175,11.5972
87,0.0088,-0.2275,9.8513,0.0106,-0.2184,11.4673
88,0.014,-0.2286,7.8903,0.011,-0.2195,11.1322
89,0.006,-0.2314,7.8903,0.0108,-0.2208,10.797
90,0.0101,-0.2322,5.9201,0.0108,-0.2221,10.3305
91,0.013,-0.2355,3.9451,0.0111,-0.2236,9.7323
92,0.0167,-0.2419,3.0561,0.0116,-0.2256,9.0749
93,0.0104,-0.2408,10.091,0.0117,-0.2275,8.8864
94,0.0365,-0.2448,13.8737,0.0124,-0.2296,9.0248
95,0.0202,-0.244,13.8737,0.0129,-0.2314,9.1631
96,0.005,-0.2399,13.2307,0.0118,-0.2329,9.3884
97,0.005,-0.2399,13.2307,0.0119,-0.2341,9.6137
98,0.0232,-0.2466,13.8737,0.013,-0.2357,9.752
99,0.0184,-0.2355,13.8737,0.0137,-0.2362,10.0202
100,0.0192,-0.2395,15.1125,0.0144,-0.237,10.3709
101,0.022,-0.227,16.3779,0.0152,-0.237,10.8061
102,0.0216,-0.2291,18.2211,0.0161,-0.2371,11.364
103,0.0407,-0.2251,18.7486,0.0179,-0.2369,12.0879
104,0.0255,-0.2297,18.2211,0.0192,-0.2368,12.7766
105,0.0255,-0.2297,18.2211,0.0202,-0.2366,13.5967
106,0.0255,-0.2297,18.2211,0.021,-0.2362,14.5484
107,0.0255,-0.2297,18.2211,0.0216,-0.2354,15.5594
108,0.0255,-0.2297,18.2211,0.0226,-0.2347,16.1015
109,0.0255,-0.2297,18.2211,0.0219,-0.2337,16.3913
110,0.0255,-0.2297,18.2211,0.0222,-0.2327,16.6811
111,0.02,-0.2338,16.3779,0.0232,-0.2323,16.8909
112,0.0121,-0.2208,16.3779,0.0237,-0.231,17.1007
113,0.0219,-0.2153,16.3779,0.0236,-0.2289,17.2677
114,0.0216,-0.1964,15.1125,0.0238,-0.2263,17.3503
115,0.0257,-0.2181,16.3779,0.0243,-0.2249,17.4346
116,0.0258,-0.2312,16.3779,0.0245,-0.2252,17.4346
117,0.0179,-0.2182,16.3779,0.0243,-0.2245,17.3117
118,0.029,-0.2251,15.1125,0.0235,-0.2245,17.0693
119,0.029,-0.2251,15.1125,0.0237,-0.2241,16.8621
120,0.0374,-0.2131,16.9526,0.0245,-0.223,16.7775
121,0.0248,-0.2223,15.7086,0.0245,-0.2225,16.61
122,0.0304,-0.2103,15.1125,0.0248,-0.2213,16.4028
123,0.0275,-0.2111,13.8737,0.0249,-0.22,16.113
124,0.03,-0.2071,13.8737,0.0252,-0.2185,15.8231
125,0.0202,-0.2081,12.0002,0.0249,-0.2171,15.4084
126,0.0254,-0.2096,12.0002,0.0252,-0.2155,15.1166
127,0.0291,-0.2007,10.7984,0.0264,-0.2141,14.7446
128,0.0267,-0.2093,10.091,0.0267,-0.2137,14.3255
129,0.0284,-0.1868,7.7442,0.0272,-0.2131,13.8343
130,0.0289,-0.1767,5.8372,0.0274,-0.2103,13.1315
131,0.0269,-0.1906,6.9776,0.0274,-0.2076,12.5049
132,0.0283,-0.1931,3.9081,0.0281,-0.2059,11.6735
133,0.0323,-0.2067,1.9608,0.0284,-0.2047,10.7968
134,0.0218,-0.2209,2.9741,0.0279,-0.2044,9.9875
135,0.042,-0.2272,4.9162,0.0282,-0.2054,9.1851
136,0.0177,-0.2402,7.8903,0.0277,-0.2066,8.6639
137,0.0196,-0.2444,9.8513,0.027,-0.2088,8.3131
138,0.0164,-0.2472,11.7985,0.0262,-0.2112,8.1748
139,0.0164,-0.2472,11.7985,0.0253,-0.2139,8.0364
140,0.0164,-0.2472,11.7985,0.0251,-0.2165,8.023
141,0.0133,-0.2434,10.9464,0.0243,-0.2188,7.9527
142,0.0133,-0.2434,10.9464,0.0232,-0.2216,7.9626
143,0.0106,-0.2486,10.9464,0.0222,-0.2242,8.0196
144,0.012,-0.2505,12.9178,0.0211,-0.2285,8.3645
145,0.0136,-0.2493,14.868,0.02,-0.2333,8.9666
146,0.0217,-0.2579,13.7276,0.0197,-0.2378,9.4166
147,0.0129,-0.2666,14.868,0.0187,-0.2427,10.1473
148,0.0152,-0.2426,16.7929,0.0175,-0.2451,11.1361
149,0.0212,-0.2529,14.868,0.0175,-0.2472,11.929
150,0.0152,-0.2426,16.7929,0.0157,-0.2483,12.7208
151,0.0152,-0.2426,16.7929,0.0155,-0.2484,13.3143
152,0.0212,-0.2529,14.868,0.0156,-0.249,13.6487
153,0.0134,-0.247,16.0399,0.0154,-0.249,13.9315
154,0.0134,-0.247,16.0399,0.0152,-0.249,14.2142
155,0.016,-0.2671,14.868,0.0152,-0.2503,14.4189
156,0.0134,-0.247,16.0399,0.0152,-0.2505,14.7584
157,0.0146,-0.2645,14.868,0.0153,-0.2519,15.0199
158,0.0211,-0.247,11.7985,0.016,-0.2518,15.0767
159,0.0196,-0.2444,9.8513,0.0165,-0.2514,14.8723
160,0.0241,-0.2293,3.9451,0.0172,-0.2501,14.1441
161,0.0264,-0.219,1.9701,0.0175,-0.2475,13.3602
162,0.0316,-0.2098,0.0,0.0188,-0.2437,12.369
163,0.0316,-0.2098,0.0,0.0199,-0.2415,11.2495
164,0.0316,-0.2098,0.0,0.0206,-0.2387,10.2583
165,0.0316,-0.2098,0.0,0.0217,-0.2365,9.1388
166,0.0317,-0.1991,1.9608,0.0228,-0.2336,8.15
167,0.0255,-0.1746,5.0274,0.023,-0.2283,7.4939
168,0.0225,-0.1656,8.9025,0.0236,-0.2229,7.0181
169,0.0327,-0.1582,10.7984,0.0249,-0.217,6.6687
170,0.0196,-0.1611,10.091,0.0252,-0.2099,6.3502
171,0.0121,-0.1546,12.0002,0.0251,-0.2038,6.0809
172,0.0121,-0.1546,12.0002,0.0249,-0.1964,5.8897
173,0.0121,-0.1546,12.0002,0.0243,-0.1903,5.9031
174,0.0121,-0.1546,12.0002,0.0238,-0.1843,6.0464
175,0.0121,-0.1546,12.0002,0.023,-0.1793,6.5834
176,0.0121,-0.1546,12.0002,0.0221,-0.175,7.2521
177,0.0121,-0.1546,12.0002,0.0208,-0.1713,8.0521
178,0.0121,-0.1546,12.0002,0.0195,-0.1677,8.8521
179,0.01,-0.1615,10.7984,0.018,-0.1644,9.572
180,0.0128,-0.1586,12.0002,0.0168,-0.161,10.372
181,0.01,-0.1615,10.7984,0.0153,-0.1585,10.9612
182,0.0138,-0.1579,12.0002,0.0145,-0.1574,11.426
183,0.0138,-0.1579,12.0002,0.014,-0.1569,11.6326
184,0.0138,-0.1579,12.0002,0.0127,-0.1569,11.7127
185,0.0138,-0.1579,12.0002,0.0123,-0.1567,11.84
186,0.0138,-0.1579,12.0002,0.0124,-0.1569,11.84
187,0.0138,-0.1579,12.0002,0.0125,-0.1571,11.84
188,0.0138,-0.1579,12.0002,0.0127,-0.1573,11.84
189,0.0043,-0.1632,10.7984,0.0121,-0.1579,11.7598
190,0.008,-0.1599,12.0002,0.0119,-0.1583,11.7598
191,0.008,-0.1599,12.0002,0.0116,-0.1586,11.7598
192,0.001,-0.1588,12.0002,0.0109,-0.1589,11.7598
193,0.001,-0.1588,12.0002,0.0101,-0.1592,11.7598
194,0.008,-0.1599,12.0002,0.01,-0.1591,11.84
195,0.008,-0.1599,12.0002,0.0097,-0.1591,11.84
196,0.0009,-0.1585,13.2307,0.0091,-0.1589,12.0021
197,0.0169,-0.1518,13.8737,0.0093,-0.1585,12.127
198,0.0169,-0.1518,13.8737,0.0095,-0.1581,12.2519
199,0.0113,-0.1606,13.2307,0.0093,-0.1583,12.3339
200,0.008,-0.1599,12.0002,0.0089,-0.1584,12.3339
201,0.008,-0.1599,12.0002,0.0085,-0.1586,12.3339
202,0.001,-0.1588,12.0002,0.0077,-0.1586,12.3339
203,0.0104,-0.1589,10.7984,0.0074,-0.1587,12.2538
204,0.0014,-0.1772,10.091,0.0073,-0.1596,12.2067
205,0.0016,-0.174,8.9025,0.0068,-0.1606,12.0002
206,0.0164,-0.1706,10.7984,0.0074,-0.1613,11.92
207,-0.0069,-0.1757,8.9025,0.0069,-0.1624,11.7135
208,-0.0026,-0.1761,8.9025,0.0066,-0.1636,11.507
209,-0.0045,-0.1778,10.091,0.0058,-0.1648,11.3797
210,-0.0042,-0.1757,8.9025,0.005,-0.1658,11.1732
211,-0.0031,-0.1734,8.9025,0.0047,-0.1668,10.8847
212,0.0027,-0.1729,10.091,0.0038,-0.1682,10.6325
213,0.0003,-0.1688,10.091,0.0027,-0.1694,10.3803
214,0.0154,-0.1632,10.7984,0.0029,-0.1695,10.2182
215,0.0154,-0.1632,10.7984,0.0034,-0.1697,10.138
216,0.0131,-0.1655,12.0002,0.0038,-0.1701,10.138
217,0.0059,-0.1679,10.091,0.0041,-0.1707,10.0108
218,0.0138,-0.1579,12.0002,0.0043,-0.1707,10.0909
219,0.0168,-0.1584,13.2307,0.0053,-0.1694,10.3002
220,0.0206,-0.1471,13.8737,0.0066,-0.1676,10.6316
221,0.0274,-0.1467,13.8737,0.0073,-0.166,10.8366
222,0.0274,-0.1467,13.8737,0.0096,-0.1641,11.168
223,0.0206,-0.1471,13.8737,0.0112,-0.1622,11.4994
224,-0.0024,-0.155,15.1125,0.0113,-0.1606,11.8342
225,0.0138,-0.1579,12.0002,0.0125,-0.1594,12.0407
226,0.0138,-0.1579,12.0002,0.0136,-0.1584,12.2472
227,0.0138,-0.1579,12.0002,0.0144,-0.1574,12.3745
228,0.0138,-0.1579,12.0002,0.0153,-0.1567,12.5018
229,0.0138,-0.1579,12.0002,0.0152,-0.1563,12.5819
230,0.0137,-0.1628,10.091,0.0151,-0.1563,12.5348
231,0.0118,-0.166,10.091,0.015,-0.1563,12.4075
232,0.0269,-0.1598,10.7984,0.0164,-0.1558,12.4546
233,0.0136,-0.1644,8.9025,0.0164,-0.1562,12.2481
234,0.0121,-0.1642,6.9776,0.016,-0.1566,11.8313
235,0.0072,-0.1664,5.0274,0.0152,-0.1579,11.2415
236,0.0073,-0.1659,3.9081,0.0138,-0.1592,10.5771
237,0.0073,-0.1659,3.9081,0.0125,-0.1605,9.9128
238,0.0076,-0.1661,5.0274,0.0116,-0.1617,9.323
239,0.0076,-0.1661,5.0274,0.0123,-0.1625,8.6507
240,0.0076,-0.1661,5.0274,0.0119,-0.163,8.1858
241,0.0019,-0.154,5.0274,0.0111,-0.1628,7.721
242,0.0019,-0.154,5.0274,0.0103,-0.1625,7.2561
243,0.0151,-0.1585,5.8372,0.0104,-0.1625,6.8452
244,0.0123,-0.1629,6.9776,0.0103,-0.1629,6.5104
245,0.0123,-0.1629,6.9776,0.0102,-0.1629,6.3028
246,0.0296,-0.1622,6.9776,0.0114,-0.1626,6.0953
247,0.0101,-0.161,6.9776,0.0102,-0.1627,5.8406
248,0.0007,-0.1464,5.0274,0.0094,-0.1615,5.5822
249,0.0354,-0.1611,6.9776,0.0109,-0.1613,5.5822
250,0.0354,-0.1611,6.9776,0.0128,-0.1609,5.7122
251,0.0131,-0.1577,5.0274,0.0132,-0.1604,5.7868
252,0.0158,-0.1595,6.9776,0.0138,-0.16,5.9915
253,0.0131,-0.1577,5.0274,0.0141,-0.1594,5.9915
254,0.0131,-0.1577,5.0274,0.0145,-0.1589,5.9915
255,0.0156,-0.1509,5.0274,0.015,-0.1578,5.9915
256,0.0184,-0.1573,5.0274,0.0161,-0.1581,5.9915
257,0.0156,-0.1509,5.0274,0.017,-0.1579,5.9915
258,0.02,-0.1498,5.8372,0.0174,-0.1573,5.9915
259,0.02,-0.1498,5.8372,0.0179,-0.1564,5.9155
260,0.0311,-0.1654,5.8372,0.0191,-0.1566,5.8394
261,0.0136,-0.165,5.0274,0.0181,-0.1568,5.7094
262,0.0136,-0.165,5.0274,0.0183,-0.157,5.5794
263,0.0194,-0.1729,5.0274,0.0195,-0.1588,5.5794
264,0.006,-0.1726,5.8372,0.0176,-0.1596,5.5034
265,0.0192,-0.1639,3.9081,0.0165,-0.1597,5.2987
266,0.02,-0.1715,3.9081,0.017,-0.1607,5.2241
267,0.0365,-0.1538,4.728,0.0183,-0.1603,5.0741
268,0.0369,-0.1644,5.8372,0.0199,-0.1607,5.1281
269,0.02,-0.1715,3.9081,0.0204,-0.1616,5.0535
270,0.02,-0.1715,3.9081,0.0207,-0.163,4.9789
271,0.0201,-0.1713,5.0274,0.0208,-0.164,4.9789
272,0.0087,-0.16,5.0274,0.0203,-0.1646,4.9789
273,0.0229,-0.1721,5.8372,0.0205,-0.166,4.9789
274,0.0206,-0.1805,5.0274,0.0206,-0.1681,4.9249
275,0.0217,-0.1881,5.0274,0.0199,-0.1696,4.8709
276,0.02,-0.1869,3.9081,0.0204,-0.1711,4.7963
277,0.0106,-0.1893,3.0561,0.0202,-0.1727,4.6649
278,0.0093,-0.1998,3.9081,0.0195,-0.1745,4.5903
279,0.0107,-0.1934,3.9081,0.0198,-0.1759,4.4617
280,0.0131,-0.1904,3.0561,0.0194,-0.1776,4.4049
281,0.0131,-0.1904,3.0561,0.0189,-0.1789,4.3481
282,0.0131,-0.1904,3.0561,0.0174,-0.1813,4.2366
283,0.0287,-0.2036,3.9081,0.0168,-0.1839,4.108
284,0.0232,-0.2017,3.9081,0.0171,-0.186,4.108
285,0.0308,-0.1987,3.9081,0.0178,-0.1878,4.108
286,0.0247,-0.2012,3.9081,0.0181,-0.1898,4.0334
287,0.0287,-0.2036,3.9081,0.0194,-0.1927,3.9587
288,0.0131,-0.1904,3.0561,0.0188,-0.1939,3.7733
289,0.0236,-0.2016,3.0561,0.019,-0.1953,3.6419
290,0.0127,-0.1983,3.9081,0.0184,-0.196,3.5673
291,0.0197,-0.2006,1.9608,0.0183,-0.1969,3.4375
292,0.0197,-0.2006,1.9608,0.0189,-0.1976,3.3645
293,0.0197,-0.2006,1.9608,0.0196,-0.1977,3.2346
294,0.0197,-0.2006,1.9608,0.0202,-0.1982,3.1048
295,0.0197,-0.2006,1.9608,0.0207,-0.1989,3.0318
296,0.0164,-0.2064,3.9081,0.0209,-0.1999,3.0886
297,0.0164,-0.2064,3.9081,0.0211,-0.201,3.1454
298,0.0164,-0.2064,3.9081,0.0203,-0.2012,3.1454
299,0.0203,-0.2082,1.9608,0.0201,-0.2016,3.0156
300,0.0164,-0.2064,3.9081,0.0191,-0.2021,3.0156
301,0.0164,-0.2064,3.9081,0.0186,-0.2025,3.0156
302,0.0203,-0.2082,1.9608,0.018,-0.2028,2.8858
303,0.0164,-0.2064,3.9081,0.0183,-0.2038,2.9426
304,0.0203,-0.2082,1.9608,0.018,-0.2043,2.8695
305,0.0209,-0.2159,1.9608,0.0186,-0.2055,2.7397
306,0.0209,-0.2159,1.9608,0.0187,-0.2065,2.7397
307,0.0153,-0.226,2.8209,0.0184,-0.2082,2.7971
308,0.0215,-0.2235,1.9608,0.0185,-0.2097,2.7971
309,0.0215,-0.2235,1.9608,0.0186,-0.2112,2.7971
310,0.0215,-0.2235,1.9608,0.0187,-0.2128,2.7971
311,0.0215,-0.2235,1.9608,0.0191,-0.2139,2.6672
312,0.0215,-0.2235,1.9608,0.0194,-0.215,2.5374
313,0.0222,-0.2311,1.9608,0.0198,-0.2167,2.4076
314,0.0301,-0.2359,1.9608,0.0204,-0.2185,2.4076
315,0.0282,-0.2303,1.9608,0.0212,-0.2201,2.2778
316,0.0328,-0.2365,3.9081,0.0223,-0.2221,2.2778
317,0.021,-0.2282,1.9608,0.0224,-0.2235,2.2778
318,0.0288,-0.238,1.9608,0.0232,-0.2256,2.148
319,0.0288,-0.238,1.9608,0.0238,-0.2276,2.148
320,0.0288,-0.238,1.9608,0.0243,-0.229,2.148
321,0.0392,-0.2374,3.9081,0.0255,-0.2305,2.2778
322,0.0392,-0.2374,3.9081,0.0271,-0.2312,2.3503
323,0.0352,-0.231,3.0561,0.028,-0.2317,2.4233
324,0.0354,-0.2448,1.9608,0.0289,-0.2331,2.4233
325,0.0354,-0.2448,1.9608,0.0299,-0.2346,2.4233
326,0.036,-0.2524,1.9608,0.0308,-0.2365,2.4233
327,0.0455,-0.2506,3.9081,0.0324,-0.2383,2.5531
328,0.0468,-0.2515,3.9081,0.0341,-0.2397,2.6829
329,0.0468,-0.2515,3.9081,0.0352,-0.2407,2.8127
330,0.0424,-0.2438,3.0561,0.0361,-0.2416,2.8858
331,0.0403,-0.2549,3.9081,0.0366,-0.2428,2.8858
332,0.0427,-0.2593,1.9608,0.0381,-0.2449,2.8858
333,0.0427,-0.2593,1.9608,0.039,-0.2463,2.8858
334,0.0553,-0.254,3.9081,0.0408,-0.2474,3.0156
335,0.0535,-0.258,3.9081,0.0424,-0.2487,3.1454
336,0.0535,-0.258,3.9081,0.0434,-0.2501,3.1454
337,0.0535,-0.258,3.9081,0.0443,-0.2515,3.1454
338,0.0499,-0.2569,3.9081,0.0453,-0.2532,3.2022
339,0.0427,-0.2593,1.9608,0.0458,-0.2542,3.2022
340,0.0427,-0.2593,1.9608,0.0463,-0.2551,3.2022
341,0.0424,-0.2438,3.0561,0.0467,-0.2545,3.2752
342,0.0468,-0.2515,3.9081,0.0468,-0.2546,3.2752
343,0.0377,-0.2477,3.0561,0.0462,-0.2544,3.2184
344,0.0468,-0.2515,3.9081,0.0462,-0.2544,3.2184
345,0.0377,-0.2477,3.0561,0.0459,-0.2546,3.2184
346,0.0491,-0.2595,3.9081,0.0465,-0.2549,3.2184
347,0.0499,-0.2569,3.9081,0.0469,-0.2548,3.3482
348,0.0321,-0.2515,3.0561,0.0462,-0.2542,3.4213
349,0.0321,-0.2515,3.0561,0.0447,-0.2541,3.3645
350,0.0476,-0.259,3.9081,0.0443,-0.2541,3.3645
351,0.0535,-0.258,3.9081,0.0443,-0.2541,3.3645
352,0.0491,-0.2497,3.0561,0.044,-0.2536,3.3077
353,0.0603,-0.2646,3.9081,0.0447,-0.2541,3.3077
354,0.0722,-0.2638,5.8372,0.0467,-0.2544,3.5661
355,0.0771,-0.2604,5.8372,0.049,-0.2545,3.8245
356,0.0816,-0.2615,5.8372,0.0516,-0.2557,4.0099
357,0.0815,-0.2699,5.0274,0.0539,-0.2569,4.0845
358,0.0829,-0.2584,3.9081,0.0569,-0.2576,4.1413
359,0.0816,-0.2616,5.0274,0.0592,-0.2583,4.216
360,0.0965,-0.2546,5.0274,0.0631,-0.2587,4.3474
361,0.1029,-0.265,3.9081,0.0667,-0.2591,4.3474
362,0.1184,-0.2614,5.8372,0.0713,-0.2594,4.476
363,0.1173,-0.27,5.0274,0.077,-0.2606,4.6074
364,0.123,-0.2687,5.0274,0.083,-0.2618,4.7388
365,0.1157,-0.2532,3.0561,0.0876,-0.2614,4.682
366,0.1223,-0.2645,1.9608,0.0922,-0.2618,4.5522
367,0.1209,-0.264,0.0,0.0969,-0.2628,4.3485
368,0.1191,-0.2614,1.9701,0.1009,-0.2626,4.2193
369,0.1109,-0.2637,5.9201,0.1034,-0.2626,4.2248
370,0.1168,-0.2495,4.9162,0.1061,-0.2618,4.1634
371,0.1111,-0.256,5.9201,0.1081,-0.2615,4.1689
372,0.1095,-0.2503,5.9201,0.1099,-0.2602,4.2284
373,0.1095,-0.2503,5.9201,0.1117,-0.2596,4.3626
374,0.1032,-0.2423,5.9201,0.1131,-0.2583,4.4221
375,0.1113,-0.2483,5.9201,0.1141,-0.2579,4.4816
376,0.108,-0.2272,7.8903,0.1145,-0.2554,4.7471
377,0.104,-0.2505,6.856,0.1135,-0.2547,4.815
378,0.1043,-0.2428,5.9201,0.1126,-0.2528,4.8745
379,0.1052,-0.248,5.9201,0.1115,-0.2515,4.934
380,0.1168,-0.2394,4.9162,0.1115,-0.2505,5.058
381,0.0788,-0.2105,4.9502,0.1086,-0.2469,5.2573
382,0.1053,-0.2461,1.9608,0.1076,-0.2458,5.388
383,0.115,-0.2501,1.9608,0.1073,-0.245,5.3874
384,0.115,-0.2501,1.9608,0.1076,-0.2441,5.1235
385,0.1053,-0.2461,1.9608,0.1068,-0.2439,4.9264
386,0.114,-0.2415,0.8987,0.107,-0.2429,4.5917
387,0.109,-0.2508,1.9608,0.107,-0.2429,4.3277
388,0.109,-0.2508,1.9608,0.1069,-0.243,4.0638
389,0.0987,-0.2536,0.0,0.1066,-0.2437,3.6691
390,0.093,-0.2382,1.0679,0.1054,-0.243,3.3456
391,0.1025,-0.2494,1.9608,0.1051,-0.2445,2.9503
392,0.093,-0.2382,1.0679,0.1043,-0.2437,2.5644
393,0.1009,-0.2468,1.0679,0.1041,-0.244,2.241
394,0.0934,-0.2468,1.9608,0.1033,-0.2439,1.977
395,0.0926,-0.2541,0.0,0.1017,-0.2449,1.6493
396,0.102,-0.2345,0.8987,0.1032,-0.2465,1.3792
397,0.102,-0.2345,0.8987,0.103,-0.2457,1.3084
398,0.102,-0.2345,0.8987,0.1022,-0.2447,1.2376
399,0.0922,-0.2478,1.9608,0.1006,-0.2445,1.2376
400,0.0922,-0.2478,1.9608,0.0998,-0.2446,1.2376
401,0.0963,-0.2448,1.9608,0.0986,-0.2448,1.3084
402,0.0963,-0.2448,1.9608,0.0977,-0.2444,1.3084
403,0.0963,-0.2448,1.9608,0.0969,-0.244,1.3084
404,0.0996,-0.244,3.0561,0.097,-0.2434,1.5121
405,0.1004,-0.2424,3.9081,0.0974,-0.2437,1.7014
406,0.1004,-0.2424,3.9081,0.0973,-0.2432,1.8313
407,0.1004,-0.2424,3.9081,0.0978,-0.2435,2.0206
408,0.1004,-0.2424,3.9081,0.0978,-0.2432,2.21
409,0.1038,-0.2356,3.9081,0.0985,-0.2425,2.3398
410,0.0992,-0.2307,5.0274,0.0989,-0.2409,2.6749
411,0.1046,-0.2392,5.8372,0.0991,-0.2412,3.0042
412,0.1024,-0.2429,5.8372,0.0991,-0.2418,3.3334
413,0.1024,-0.2429,5.8372,0.0991,-0.2423,3.6626
414,0.1024,-0.2429,5.8372,0.0998,-0.242,3.9211
415,0.0952,-0.2441,6.9776,0.1,-0.2418,4.2555
416,0.0952,-0.2441,6.9776,0.0999,-0.2417,4.59
417,0.0952,-0.2441,6.9776,0.0999,-0.2417,4.9244
418,0.0952,-0.2441,6.9776,0.0998,-0.2416,5.2589
419,0.0989,-0.2403,6.9776,0.0997,-0.2414,5.5203
420,0.0989,-0.2403,6.9776,0.0996,-0.2412,5.7249
421,0.0989,-0.2403,6.9776,0.0995,-0.2411,5.9296
422,0.1028,-0.2303,5.8372,0.0997,-0.2403,6.0582
423,0.1005,-0.2517,6.9776,0.0997,-0.2409,6.2628
424,0.1072,-0.2394,7.7442,0.0999,-0.2412,6.5186
425,0.1005,-0.2517,6.9776,0.1,-0.2426,6.6486
426,0.1005,-0.2517,6.9776,0.0997,-0.2434,6.7246
427,0.1005,-0.2517,6.9776,0.0996,-0.244,6.8006
428,0.1005,-0.2517,6.9776,0.0995,-0.2446,6.8767
429,0.1035,-0.2363,6.9776,0.0996,-0.2441,6.9527
430,0.1035,-0.2363,6.9776,0.1001,-0.2436,6.9527
431,0.1035,-0.2363,6.9776,0.1007,-0.2431,6.9527
432,0.1035,-0.2363,6.9776,0.1012,-0.2426,6.9527
433,0.1035,-0.2363,6.9776,0.1018,-0.242,6.9527
434,0.0997,-0.2479,5.8372,0.1018,-0.2425,6.8767
435,0.0997,-0.2479,5.8372,0.1019,-0.2431,6.8006
436,0.0978,-0.2486,6.9776,0.1018,-0.2436,6.8006
437,0.0977,-0.2376,6.9776,0.1015,-0.2441,6.8767
438,0.0921,-0.2501,6.9776,0.1009,-0.244,6.8767
439,0.0927,-0.237,5.8372,0.0999,-0.2438,6.7495
440,0.0782,-0.2508,6.1795,0.0985,-0.2438,6.6963
441,0.0779,-0.2453,5.0274,0.097,-0.2433,6.5663
442,0.0779,-0.2453,5.0274,0.0954,-0.2429,6.4363
443,0.0779,-0.2453,5.0274,0.0939,-0.2425,6.3063
444,0.0779,-0.2453,5.0274,0.0922,-0.2431,6.1763
445,0.0779,-0.2453,5.0274,0.0905,-0.2437,6.0462
446,0.0779,-0.2453,5.0274,0.0888,-0.2443,5.9162
447,0.0779,-0.2453,5.0274,0.0871,-0.2449,5.7862
448,0.0779,-0.2453,5.0274,0.0854,-0.2455,5.6562
449,0.0779,-0.2453,5.0274,0.084,-0.2453,5.6022
450,0.0779,-0.2453,5.0274,0.0825,-0.2451,5.5482
451,0.0779,-0.2453,5.0274,0.0812,-0.2449,5.4182
452,0.0779,-0.2453,5.0274,0.0799,-0.2454,5.2882
453,0.0792,-0.2546,5.0274,0.079,-0.2457,5.1582
454,0.0774,-0.254,3.9081,0.078,-0.2469,5.0296
455,0.0746,-0.2486,5.0274,0.0777,-0.2467,4.9528
456,0.0746,-0.2486,5.0274,0.0775,-0.2469,4.9528
457,0.0882,-0.2534,5.8372,0.0782,-0.2475,5.0068
458,0.0774,-0.254,3.9081,0.0782,-0.2481,4.9321
459,0.0774,-0.254,3.9081,0.0781,-0.2486,4.8575
460,0.0821,-0.2508,3.9081,0.0784,-0.249,4.7829
461,0.0821,-0.2508,3.9081,0.0787,-0.2494,4.7083
462,0.0782,-0.2615,3.9081,0.0787,-0.2505,4.6337
463,0.0782,-0.2615,3.9081,0.0787,-0.2515,4.559
464,0.0782,-0.2615,3.9081,0.0788,-0.2526,4.4844
465,0.0782,-0.2615,3.9081,0.0788,-0.2537,4.4098
466,0.0751,-0.2556,5.0274,0.0786,-0.2544,4.4098
467,0.0895,-0.2607,5.8372,0.0794,-0.2554,4.4638
468,0.0889,-0.2578,5.8372,0.08,-0.2556,4.5178
469,0.0899,-0.2653,5.8372,0.0808,-0.2564,4.6464
470,0.0899,-0.2653,5.8372,0.0819,-0.2575,4.7004
471,0.0909,-0.2727,5.8372,0.0829,-0.2591,4.7544
472,0.09,-0.2713,6.9776,0.0831,-0.2603,4.8304
473,0.0996,-0.2645,6.9776,0.0845,-0.261,5.035
474,0.0919,-0.2802,5.8372,0.0855,-0.2627,5.1636
475,0.0965,-0.2835,8.9025,0.0865,-0.2649,5.4966
476,0.0943,-0.2923,6.9776,0.0873,-0.2677,5.7012
477,0.0944,-0.297,6.9776,0.0884,-0.27,5.9059
478,0.094,-0.2951,5.8372,0.0894,-0.2723,6.0345
479,0.095,-0.3026,5.8372,0.0905,-0.275,6.1631
480,0.0792,-0.3048,5.0274,0.0906,-0.2779,6.2377
481,0.0839,-0.3143,3.9081,0.0912,-0.2818,6.1631
482,0.0779,-0.2998,3.0561,0.0904,-0.2844,5.9777
483,0.0848,-0.3219,3.9081,0.0901,-0.2887,5.8491
484,0.0848,-0.3219,3.9081,0.0898,-0.2925,5.7204
485,0.0848,-0.3219,3.9081,0.0895,-0.2963,5.5918
486,0.0856,-0.3294,3.9081,0.0891,-0.3,5.4632
487,0.0856,-0.3294,3.9081,0.0888,-0.3039,5.2586
488,0.0856,-0.3294,3.9081,0.0879,-0.3082,5.054
489,0.0904,-0.3308,5.8372,0.0878,-0.3116,5.054
490,0.0856,-0.3294,3.9081,0.0871,-0.3147,4.721
491,0.0904,-0.3308,5.8372,0.0868,-0.3172,4.645
492,0.0904,-0.3308,5.8372,0.0865,-0.3195,4.569
493,0.0864,-0.337,3.9081,0.086,-0.3223,4.4403
494,0.0864,-0.337,3.9081,0.0855,-0.3246,4.3117
495,0.0872,-0.3445,3.9081,0.086,-0.3272,4.2371
496,0.0872,-0.3445,3.9081,0.0862,-0.3292,4.2371
497,0.0872,-0.3445,3.9081,0.0868,-0.3322,4.2939
498,0.0872,-0.3445,3.9081,0.087,-0.3337,4.2939
499,0.0936,-0.3541,5.0274,0.0876,-0.3359,4.3685
500,0.0884,-0.3317,5.0274,0.0878,-0.3365,4.4432
501,0.0906,-0.3413,5.0274,0.0881,-0.3373,4.5178
502,0.0952,-0.3485,5.8372,0.0888,-0.3386,4.6464
503,0.0906,-0.3413,5.0274,0.0891,-0.3394,4.721
504,0.0926,-0.3538,5.8372,0.0893,-0.3409,4.721
505,0.0947,-0.3618,5.0274,0.0899,-0.3431,4.7956
506,0.0892,-0.3382,5.0274,0.0898,-0.3436,4.7416
507,0.0892,-0.3382,5.0274,0.0897,-0.3441,4.6877
508,0.0916,-0.3488,5.0274,0.0901,-0.3448,4.7623
509,0.0836,-0.3445,5.0274,0.0899,-0.3453,4.8369
510,0.0836,-0.3445,5.0274,0.0896,-0.3453,4.9115
511,0.077,-0.3475,5.0274,0.089,-0.3455,4.9861
512,0.077,-0.3475,5.0274,0.0883,-0.3457,5.0608
513,0.0962,-0.356,5.8372,0.0889,-0.3465,5.1894
514,0.0962,-0.356,5.8372,0.089,-0.3466,5.2433
515,0.09,-0.3447,5.0274,0.0892,-0.3475,5.2433
516,0.0848,-0.3521,5.0274,0.0888,-0.3482,5.2433
517,0.0776,-0.3543,5.0274,0.0876,-0.3486,5.1894
518,0.0776,-0.3543,5.0274,0.0867,-0.3495,5.1894
519,0.0837,-0.3682,3.9081,0.0861,-0.3504,5.0608
520,0.0849,-0.3658,3.0561,0.0855,-0.3507,4.9293
521,0.0819,-0.3706,3.0561,0.085,-0.3529,4.7979
522,0.0845,-0.3757,3.9081,0.0847,-0.3554,4.7233
523,0.0845,-0.3757,3.9081,0.0842,-0.3572,4.6487
524,0.0629,-0.3597,3.0561,0.0828,-0.3582,4.5173
525,0.0702,-0.3755,3.9081,0.0819,-0.3602,4.4426
526,0.073,-0.3817,3.9081,0.0817,-0.3625,4.368
527,0.0707,-0.3789,1.9608,0.0812,-0.3646,4.1636
528,0.073,-0.3817,3.9081,0.0797,-0.3663,4.035
529,0.073,-0.3817,3.9081,0.0782,-0.368,3.9064
530,0.0702,-0.3755,3.9081,0.0768,-0.3701,3.8317
531,0.073,-0.3817,3.9081,0.076,-0.3721,3.7571
532,0.0821,-0.3647,2.8209,0.0763,-0.3728,3.61
533,0.0786,-0.3767,3.9081,0.0764,-0.3743,3.5354
534,0.0786,-0.3767,3.9081,0.0761,-0.3748,3.5354
535,0.0786,-0.3767,3.9081,0.0757,-0.3755,3.5922
536,0.0786,-0.3767,3.9081,0.0754,-0.376,3.649
537,0.0786,-0.3767,3.9081,0.075,-0.376,3.649
538,0.0786,-0.3767,3.9081,0.0746,-0.3761,3.649
539,0.0786,-0.3767,3.9081,0.0757,-0.3772,3.7058
540,0.0757,-0.3837,2.8209,0.0761,-0.3778,3.6333
541,0.0634,-0.3833,1.9608,0.0754,-0.3779,3.5035
542,0.0634,-0.3833,1.9608,0.0749,-0.3782,3.5035
543,0.0719,-0.3941,1.9608,0.0749,-0.379,3.3737
544,0.0727,-0.3678,0.8987,0.0748,-0.3781,3.1731
545,0.0576,-0.3958,0.0,0.074,-0.3794,2.9125
546,0.0626,-0.3876,0.8987,0.0733,-0.3798,2.7119
547,0.0659,-0.3949,1.9608,0.0722,-0.3818,2.6545
548,0.0659,-0.3949,1.9608,0.0714,-0.383,2.5247
549,0.0714,-0.3915,1.9608,0.0709,-0.384,2.3949
550,0.0679,-0.383,0.8987,0.0702,-0.3844,2.1943
551,0.0679,-0.383,0.8987,0.0695,-0.3849,1.9937
552,0.0664,-0.3877,0.8987,0.0687,-0.3856,1.793
553,0.0659,-0.3949,1.9608,0.0678,-0.3868,1.6632
554,0.0714,-0.3915,1.9608,0.0673,-0.3878,1.5334
555,0.0664,-0.3877,0.8987,0.0667,-0.3881,1.4052
556,0.0664,-0.3877,0.8987,0.0669,-0.3884,1.3344
557,0.0664,-0.3877,0.8987,0.0671,-0.3887,1.2636
558,0.0581,-0.4035,0.0,0.0662,-0.3893,1.1329
559,0.0606,-0.3782,0.0,0.0654,-0.39,1.073
560,0.0703,-0.3913,1.9608,0.0662,-0.3897,1.2037
561,0.0606,-0.3782,0.0,0.0661,-0.389,1.1438
562,0.0581,-0.4035,0.0,0.0656,-0.3896,1.0131
563,0.0581,-0.4035,0.0,0.0651,-0.3902,0.8824
564,0.0581,-0.4035,0.0,0.0642,-0.391,0.7516
565,0.0581,-0.4035,0.0,0.0635,-0.3924,0.6917
566,0.0581,-0.4035,0.0,0.0629,-0.3937,0.6318
567,0.0581,-0.4035,0.0,0.0623,-0.3948,0.5719
568,0.0516,-0.3963,0.0,0.0614,-0.3949,0.4412
569,0.0499,-0.3208,1.9608,0.0599,-0.3902,0.4412
570,0.0547,-0.291,3.0561,0.0591,-0.3837,0.585
571,0.0691,-0.3056,3.9081,0.0593,-0.3782,0.7856
572,0.0432,-0.3481,3.9081,0.0578,-0.3756,0.9863
573,0.055,-0.3577,2.8209,0.0576,-0.3725,1.1743
574,0.0507,-0.3584,1.9608,0.0569,-0.3712,1.305
575,0.0507,-0.3584,1.9608,0.0556,-0.369,1.305
576,0.0507,-0.3584,1.9608,0.0549,-0.3677,1.4358
577,0.0507,-0.3584,1.9608,0.0545,-0.3647,1.5665
578,0.0507,-0.3584,1.9608,0.054,-0.3617,1.6972
579,0.0586,-0.35,2.8209,0.054,-0.3581,1.8853
580,0.0507,-0.3584,1.9608,0.0535,-0.3551,2.016
581,0.0507,-0.3584,1.9608,0.053,-0.3521,2.1467
582,0.0586,-0.35,2.8209,0.053,-0.3486,2.3348
583,0.0507,-0.3584,1.9608,0.053,-0.346,2.4655
