,JA_diff_l_prox_0.0018992623694747046,JV_l_prox_0.4491842970205675,JA_diff_r_prox_0.0038025042468014863,JV_r_prox_0.9129624650796274,JA_diff_l_distal_0.0016012989520465008,JV_l_distal_0.37788252105329667,JA_diff_r_distal_-0.0018442280156693647,JV_r_distal_-0.4359180484574342,EUC_dist_l_prox_0.0,EUC_dist_l_distal_0.00041219276572866936,EUC_dist_r_prox_0.0,EUC_dist_r_distal_0.0002842776850005423,EUC_dist_cube_controller_0.0005390760813624402,EUC_dist_cube_human_0.0002935702141541951
58,,-0.991407451758845,,0.99139621393732,,-1.0172598329631362,,1.0172604923399875,0.0,0.0,0.0,0.0,0.0,0.0
59,-0.020629666764591326,-4.951120023501925,0.02062965917872439,4.951118202893842,0.0004238582637346999,0.1017259832963151,-0.0004238585384750415,-0.1017260492339995,0.0,0.00029742048694907347,0.0,0.00029741450417326604,0.00018861295031946895,0.0
60,-0.019872686969605535,-4.769444872705337,0.019872679277226468,4.769443026534345,-4.23858263735033e-05,-0.0101725983296328,4.2385853847526356e-05,0.0101726049234009,0.0,0.0014853130224441393,0.0,0.00148530865642473,0.0001735276221308107,0.0
61,-0.017503793728364525,-4.200910494807476,0.017403704818647614,4.176889156475431,0.027243077915853342,6.538338699804802,-0.027741422979556618,-6.657941515093591,0.0,0.0014308039087423759,0.0,0.001430814276086217,0.001022079233743838,0.0
62,-0.01710330867492693,-4.104794081982473,0.01714269634826504,4.114247123583612,0.026265669670011427,6.303760720802737,-0.027851435411252123,-6.684344498700509,0.0,0.001260262015951604,0.0,0.001253043962344417,0.0010246885154775254,0.0
63,0.0021705547406877246,0.5209331377650637,-0.002224977228821645,-0.5339945349171904,-0.002104658783750213,-0.5051181081000449,0.002230921397054497,0.5354211352930758,0.0,0.0012314205660768028,0.0,0.0012342626334394037,0.0009001951126566769,0.0
64,0.0003480565306699379,0.0835335673607823,-0.00045241699635900634,-0.1085800791261711,0.0010988531712817773,0.263724761107615,-0.0009517575666996292,-0.2284218160079028,0.0,0.0001562788151603915,0.0,0.0001601976840865684,0.0006775810814506331,0.0
65,0.00030319110671206406,0.0727658656109028,-0.00040081586191509366,-0.0961958068596119,0.0010149122252707254,0.2435789340649649,-0.0009184936922855824,-0.2204384861485376,0.0,2.5058616485043895e-05,0.0,3.257411730589324e-05,0.0004796138957128841,0.0
66,0.00043244044721046926,0.1037857073305064,-0.0005200967015285274,-0.1248232083668487,0.0006114953468090434,0.1467588832341632,-0.0005986597693785622,-0.1436783446508562,0.0,2.1827698831063302e-05,0.0,2.8857484661285024e-05,0.0003642897335017171,0.0
67,0.0004993403196207336,0.1198416767089692,-0.000560734870103663,-0.134576368824881,0.0004081902664585524,0.0979656639500457,-0.00033807807092356423,-0.0811387370216512,0.0,3.113919956233203e-05,0.0,3.744953830924563e-05,0.00031457221104607173,0.0
68,0.0005634743563436295,0.1352338455224791,-0.0005799743283211312,-0.1391938387970744,0.0003718144892316255,0.089235477415602,-5.625064365644139e-05,-0.0135001544775385,0.0,3.5952942457264984e-05,0.0,4.03758126577203e-05,0.0002520069238320096,0.0
69,0.0005772694697520064,0.1385446727404868,-0.0006030310825264618,-0.144727459806358,-3.7181380871831315e-05,-0.0089235314092425,-0.0003097795565285555,-0.0743470935668562,0.0,4.0570099839713875e-05,0.0,4.175409133573496e-05,0.00019285610002565037,0.0
70,0.0005776017659393506,0.1386244238254337,-0.0006066724349382824,-0.1456013843851749,3.7181380871942338e-06,0.0008923531409239,-0.000118177108533013,-0.0283625060479198,0.0,4.156379826019251e-05,0.0,4.341522934706301e-05,0.0001126319077811723,0.0
71,0.0006083916048028604,0.146013985152686,-0.00057594859453447,-0.1382276626882595,0.00010117729989345126,0.0242825519744186,1.1817710853345709e-05,0.0028362506047923,0.0,4.158607151862881e-05,0.0,4.368551662718557e-05,0.00010438631893806747,0.0
72,0.0006009241574828073,0.1442217977958746,-0.0005737939080524557,-0.1377105379325973,5.5773021985672244e-05,0.0133855252765505,-1.1208335374268685e-06,-0.0002690000489909,0.0,4.380723570133212e-05,0.0,4.147123135102088e-05,9.643029926218506e-05,0.0
73,0.0005970544818436618,0.1432930756424842,-0.0005758411907864636,-0.1382018857887391,-5.5773021985228155e-06,-0.0013385525276561,1.1208335370938016e-07,2.6900004898244845e-05,0.0,4.326324472193668e-05,0.0,4.130553636649302e-05,8.850014554282989e-05,0.0
74,0.0005984423737976918,0.143626169711446,-0.0005768290011392008,-0.1384389602734002,5.545610055612826e-07,0.0001330946413363,-1.070182731321978e-08,-2.568438553806429e-06,0.0,4.298784466789908e-05,0.0,4.14661626368009e-05,8.143721110830971e-05,0.0
75,0.0005986009092078248,0.1436642182098806,-0.0005777973470572073,-0.1386713632937403,-5.531610103304274e-08,-1.327586423603328e-05,1.512649894230833e-09,3.630359830341772e-07,0.0,4.308847969349177e-05,0.0,4.153192480208973e-05,7.490355925841467e-05,0.0
76,0.0005988339589554359,0.1437201501492966,-0.000578726045823097,-0.1388942509975326,5.362270405484537e-09,1.2869448956036391e-06,2.8040736399503885e-10,6.729776723988251e-08,0.0,4.310052689214174e-05,0.0,4.1597696433900744e-05,6.889472036604085e-05,0.0
77,0.0005991172725435812,0.1437881454104604,-0.0005795986900767325,-0.1391036856184115,-5.362270627529142e-10,-1.286944897316289e-07,-2.8040791910655116e-11,-6.729776735881356e-09,0.0,4.3116602612035364e-05,0.0,4.167152422278389e-05,6.344658917858529e-05,0.0
78,0.0005994310623976817,0.1438634549754486,-0.000580427723511634,-0.1393026536428039,5.3622661866370436e-11,1.2869449506069516e-08,2.804090293295758e-12,6.729790058557228e-10,0.0,4.313671779164368e-05,0.0,4.1727025024235555e-05,5.8361252103965646e-05,0.0
79,0.0005997631477034915,0.1439431554488451,-0.0005812147276637036,-0.1394915346393004,-5.3622661866370436e-12,-1.286943884793314e-09,-2.8044233602031454e-13,-6.729816703909819e-11,0.0,4.315909379529982e-05,0.0,4.1796860014837907e-05,5.36813641686412e-05,0.0
80,0.0006001185576740564,0.1440284538417698,-0.0005819806864713062,-0.1396753647531071,5.362377208939506e-13,1.2869438847971256e-10,2.808864252301646e-14,6.730616064487549e-12,0.0,4.317924703218933e-05,0.0,4.18398509903974e-05,4.937735201852035e-05,0.0
81,0.0006004890874021784,0.1441173809765262,-0.0005827129650202156,-0.1398511116048623,-5.362377208939506e-14,-1.2869705301878331e-11,-2.7755575615628914e-15,-6.741274205523952e-13,0.0,4.321194733246976e-05,0.0,4.190567979210677e-05,4.541900859733586e-05,0.0
82,0.0006008782001849511,0.1442107680443781,-0.000583430111481209,-0.1400232267554829,5.329070518200751e-15,1.2869705301454817e-12,3.3306690738754696e-16,6.661338190102588e-14,0.0,4.323436015457573e-05,0.0,4.1952740048796794e-05,4.1778481162236335e-05,0.0
83,0.0006012778903481397,0.1443066936835405,-0.0005841246543142331,-0.1401899170354243,-5.551115123125783e-16,-1.2789769243681806e-13,0.0,-7.993605777301127e-15,0.0,4.326486973996629e-05,0.0,4.2012336221858796e-05,3.843017302891565e-05,1e-05
84,0.0007244123938989766,0.1738589745357435,-0.00045921874273824326,-0.1102124982571813,0.0,1.3322662319458247e-14,0.0,7.623296525288703e-21,0.0,4.3287309020824785e-05,0.0,4.20513389258277e-05,3.5350561055277573e-05,0.00018
85,0.000631256912052125,0.1515016588925232,-0.0005565534970776165,-0.1335728392986189,0.0,1.0164395367051604e-20,0.0,1.0164395367051604e-20,0.0,5.215878656839766e-05,0.0,3.30654483695311e-05,3.251802590739645e-05,0.0003124099870362662
86,0.0010120243366444903,0.242885840794688,-0.00014191449676548284,-0.0340594792237234,0.0,1.9905274260476055e-20,0.0,-1.0587911840678754e-20,0.0,4.5450208830740976e-05,0.0,4.0075071103232296e-05,2.9912696435106207e-05,0.00025298221281347036
87,0.0013222733431340616,0.3173456023521621,0.00027909361566025304,0.0669824677584633,0.0,3.3881317890172014e-21,0.0,-5.2992498762597165e-20,0.0,7.286686869218038e-05,0.0,1.0217104261518595e-05,2.7516306999359987e-05,0.0002941088233970548
88,0.0015083855430421123,0.3620125303300981,0.00057402429042408,0.1377658297017667,0.0,-1.1858461261560203e-20,0.0,-1.6517142471458857e-20,0.0,9.520301450301563e-05,0.0,2.0095315332252548e-05,2.5312066639366542e-05,0.00036069377593742877
89,0.0018250865775111258,0.4380207786026712,0.0012203295823278726,0.2928790997586909,0.0,-6.776263578034403e-21,0.0,1.2281977735187355e-20,0.0,0.00010860292210528598,0.0,4.133163972490534e-05,2.328453906789457e-05,0.0004243819034784589
90,0.0019564639635890613,0.4695513512613643,0.001539375788452646,0.3694501892286362,0.0,6.776263578034403e-21,0.0,-1.1858461261560203e-20,0.0,0.0001314070987954705,0.0,8.786173798844274e-05,2.141953257527309e-05,0.000574282160614449
91,0.001910763476320243,0.4585832343168476,0.0012808692990375903,0.307408631769012,0.0,0.0,-0.000136246389650152,-0.0326991335160356,0.0,0.0001408657430376128,0.0,0.00011083636803456117,8.56334579523933e-05,0.0005544366510251647
92,0.0018368704090599985,0.440848898174389,0.0010119814260706184,0.2428755422569392,0.0,0.0,-0.00015443939912918037,-0.0370654557910039,0.0,0.00013757269033740454,0.0,9.222196269354367e-05,0.00010707345967178632,0.0006312685640834653
93,0.0017783342321190387,0.4268002157085693,0.0008284106664748769,0.1988185599539766,0.0,4.141313485715725e-16,-0.00021042883778876753,-0.0505029210693035,0.0,0.00013225926954824066,0.0,7.286059258114616e-05,8.428573963351456e-05,0.0006560487786742688
94,0.0018740874117135764,0.449780978811253,0.0009570216987888625,0.2296852077093332,0.0,0.0,-0.00013338249023764348,-0.032011797657024,0.0,0.00012803740575884336,0.0,5.9644773598299386e-05,0.0001035395829918201,0.0007433034373659254
95,0.0017960260745896184,0.4310462579015138,0.000758925567421409,0.1821421361811508,0.0,4.309026009272077e-17,-0.00018287319819099146,-0.0438895675658316,0.0,0.00013493333318396913,0.0,6.890703128943056e-05,7.835862551882989e-05,0.0
96,-0.02163124596119681,-5.191499030687236,0.02099230489579995,5.03815317499199,0.0,0.0,-0.0009481812612347484,-0.2275635026963498,0.0,0.0001293133433815303,0.0,5.4645076445765485e-05,0.0018120106123423129,0.0
97,-0.017312495472422085,-4.154998913381312,0.017017824535798254,4.084277888591574,0.02992041780240573,7.180900272577384,-0.029390910036550255,-7.053818408772052,0.0,0.0015574205349931517,0.0,0.0015114183364078131,0.0007562252436466381,0.0
98,-0.016694535399786714,-4.006688495948814,0.017132624232857996,4.111829815885913,0.029209662873023734,7.010319089525702,-0.029389694452446657,-7.053526668587203,0.0,0.0012464835942762732,0.0,0.0012252692148337764,0.0010754534718980776,0.0007964923100695953
99,0.0035573494667936467,0.8537638720304868,-0.0018755374562159366,-0.4501289894918194,-0.0025243581806360105,-0.6058459633526363,0.0025819629638395014,0.6196711113214741,0.0,0.0012019926400371706,0.0,0.0012335314003190986,0.0010195231039910727,0.0008902246907382427
100,0.0018073838627664651,0.4337721270639641,6.356527773021536e-05,0.0152556666552644,0.0007564527226624485,0.1815486534389967,-0.0007118631178776313,-0.1708471482906258,0.0,0.00025612937424168984,0.0,0.00013503949357648865,0.0009734293268029879,0.0009734988443752773
101,0.0014572535350965143,0.3497408484231717,-0.00021432685586530997,-0.0514384454076851,0.0005643076384951318,0.1354338332388232,-0.0005348079032797548,-0.1283538967871439,0.0,0.00013013652208260644,0.0,4.5772828510004065e-06,0.0009350174583930923,0.001053944970100432
102,0.001797693248890897,0.4314463797338189,-0.00010791366750073639,-0.0258992802001664,-1.4297373208793651e-05,-0.00343136957012,-0.00013076273016576767,-0.0313830552397766,0.0,0.00010492017169602222,0.0,1.543362773329822e-05,0.0007458916661253713,0.0009323625904121204
103,0.0021210022758554326,0.5090405462052907,3.593111367772295e-05,0.0086234672826598,1.4297373208682629e-06,0.000343136957011,-0.0001459947898840852,-0.0350387495721895,0.0,0.000129434934529212,0.0,7.770184035600871e-06,0.000724422358285193,0.000930591209930547
104,0.0024524573349264944,0.588589760382356,0.00024411551046288338,0.0585877225111005,-1.4297373207572406e-07,-3.431369570083831e-05,9.423951888409832e-06,0.0022617484532139,0.0,0.0001527138269543461,0.0,2.5889802732945837e-06,0.0007493399393341764,0.001086001841619065
105,0.002664296863783222,0.6394312473079666,0.00029373775051722006,0.0704970601241322,1.4297373174265715e-08,3.431369569817445e-06,-9.634015515747052e-05,-0.0231216372378033,0.0,0.00017657700233575434,0.0,1.7579008236722616e-05,0.0004584638212953353,0.001096038320497964
106,0.0029482092399085724,0.7075702175780566,0.0005069386906446649,0.1216652857547116,-0.00018149530106648104,-0.0435588722559524,7.857841942460198e-06,0.0018858820661783,0.0,0.00019182624351453485,0.0,2.114853339537732e-05,0.00037131916213227175,0.0011892854997854823
107,0.0032078841529439295,0.7698921967065346,0.0008193369053691724,0.1966408572885897,1.8149530106703615e-05,0.0043558872255955,-7.857841942682242e-07,-0.000188588206619,0.0,0.00021226641160652172,0.0,3.649771015838565e-05,0.00029816918020020636,0.0009501578816175756
108,0.0031358703868707982,0.7526088928489808,0.0006210688508612172,0.1490565242066814,-4.864267728943439e-06,-0.0011674242549379,1.6044568273976267e-07,3.850696384835288e-05,0.0,0.00023097175260538514,0.0,5.899527197214136e-05,0.00022461033974262943,0.0011131936040060597
109,0.0033368487165322813,0.8008436919677576,0.000804437953799142,0.1930651089117877,4.864267728610372e-07,0.0001167424254946,-1.6044568229567346e-08,-3.850696385754304e-06,0.0,0.0002257802565121922,0.0,4.471510808029079e-05,0.00014226779076881267,0.0011638728452885202
110,0.003308932167804035,0.7941437202729689,0.0007132406845523631,0.1711777642925765,-4.864267733051264e-08,-1.1674242548664893e-05,1.604456789650044e-09,3.850696375096163e-07,0.0,0.00024025155929021494,0.0,5.792015334078417e-05,6.485075506771367e-05,0.0008955445270895253
111,0.003677272908931606,0.8825454981435881,0.0011284298838980522,0.2708231721355232,4.800631225876373e-09,1.1521514987043204e-06,-2.3199708820698106e-10,-5.5679305973756646e-08,0.0,0.00023824321036013623,0.0,5.135014739147914e-05,5.086134620149379e-05,0.0009042676594902637
112,0.003583402494160448,0.8600165985984971,0.0009873298372854444,0.236959160948515,-4.800631003831768e-10,-1.152151494210465e-07,2.319966441177712e-11,5.5679301169675455e-09,0.0,0.0002647683944223791,0.0,8.124793584363046e-05,4.86910864975504e-05,0.0011670903992407804
113,0.003943545265048476,0.9464508636116342,0.0013796570227855298,0.331117685468536,4.8006265629396694e-11,1.1521514409196245e-08,-0.0004333135002941857,-0.1039952400705997,0.0,0.000258001812025518,0.0,7.109109492311028e-05,3.7584455418491884e-05,0.0010923827168167742
114,0.004235897220786988,1.016615332988869,0.0017019630586366796,0.40847113407279,-4.800604358479177e-12,-1.1521503751055207e-09,-0.0001325062255480569,-0.0318014941315303,0.0,0.0002839397919522257,0.0,9.933344581519131e-05,9.883313809195258e-05,0.0010651291001564109
115,0.004531520616713136,1.0875649480111549,0.0020582159342895645,0.493971824229507,4.800604358479177e-13,1.1521450463060529e-10,-0.00016052602005867112,-0.0385262448140684,0.0,0.00030498165343637436,0.0,0.00012254175842306685,0.00016395114186654576,0.000999249718538863
116,0.004666375839438075,1.119930201465138,0.002225433898027207,0.5341041355265203,-4.796163466380676e-14,-1.1521450460350025e-11,-0.00022873852084981383,-0.0548972450039611,0.0,0.00032627137786895324,0.0,0.00014818968739242747,0.0002160647208710879,0.0009492101980067433
117,0.00479858467734029,1.1516603225616586,0.0023733114250078513,0.569594742001873,4.773959005888173e-15,1.1510792319313625e-12,-0.00014241345747911804,-0.03417922979499,0.0,0.00033597670614132937,0.0,0.00016023138360943287,0.00028033053924396515,0.0010511898020814342
118,0.005039551285826338,1.2094923085983185,0.0026421814833482715,0.6341235560036033,-4.440892098500626e-16,-1.1457501614131618e-13,-0.0001344464129291456,-0.0322671391030027,0.0,0.0003454997165253622,0.0,0.00017088044093945643,0.00030926656840632384,0.0
119,-0.021822218162384943,-5.237332358972386,0.020900671761718115,5.016161222812349,0.0,1.0658141036401504e-14,-0.0016455264205089692,-0.3949263409221401,0.0,0.0003628478690048492,0.0,0.000190238685024621,0.0019250477912812233,0.0
120,-0.017176931425581077,-4.122463542139469,0.017181727834806593,4.123614680353572,0.031365599440300374,7.527743865672102,-0.02836906669226713,-6.808576006144114,0.0,0.0015711763661873932,0.0,0.0015048165865097544,0.0010776516156712351,0.0
121,-0.016551034981134305,-3.972248395472225,0.017235375111365303,4.136490026727692,0.02956756057363996,7.096214537673585,-0.02905120514877102,-6.972289235705056,0.0,0.0012367239250528131,0.0,0.0012370704711300927,0.001022284667055533,0.0008800568163476708
122,0.007046363472278605,1.691127233346871,0.0003230397881378022,0.0775295491530725,-0.0029567559427601253,-0.7096214262624265,0.002319320104829492,0.5566368251590728,0.0,0.0011916542878479192,0.0,0.0012409312763289515,0.0009943109824767445,0.0008220097323024813
123,0.005183204797658214,1.2439691514379767,0.002435533827225722,0.5845281185341634,0.00029567559427601253,0.070962142626243,-0.00046604699105146086,-0.1118512778523569,0.0,0.0005073360467293925,0.0,2.3260106748905723e-05,0.0008832394103406198,0.0010159232254457057
124,0.005201421780776094,1.248341227386273,0.0026269377653029835,0.63046506367272,-2.9567559427623458e-05,-0.0070962142626221,-0.00015021105296797455,-0.0360506527123127,0.0,0.0003731894618758121,0.0,0.0001753591697949715,0.0008753879495513481,0.000980051019080129
125,0.005442164098969693,1.3061193837527212,0.002602293865564209,0.6245505277354155,2.9567559427512435e-06,0.0007096214262629,-0.00016801741510508172,-0.0403241796252124,0.0,0.0003744994016386362,0.0,0.0001891368063049589,0.0008516321670964363,0.0010043903623591758
126,0.005750729974141167,1.3801751937938882,0.002812654632212197,0.6750371117309434,-2.9567559423071543e-07,-7.096214262602984e-05,-0.00015420072357685832,-0.0370081736584464,0.0,0.00039183623766630244,0.0,0.00018736402733585545,0.0008658519824757872,0.0007088018058667737
127,0.005838918777206881,1.4013405065296591,0.002768074643780094,0.664337914507212,2.6756424631457776e-08,6.42154192256845e-06,-0.00045849251745710973,-0.1100382041897039,0.0,0.0004140521452235549,0.0,0.00020251165184887108,0.0008998398873979141,0.0006894925670375296
128,0.005803709129528767,1.392890191086899,0.0025987183853640183,0.6236924124873819,-2.675642485350238e-09,-6.421541911549866e-07,-4.244191469982006e-05,-0.0101860595279623,0.0,0.0004204058566051456,0.0,0.00019930000698389124,0.0009295927762096261,0.000790759128938768
129,0.005920103066966997,1.4208247360720827,0.0026505009318332773,0.6361202236399723,2.675641930238726e-10,6.42154196482973e-08,4.244191469937597e-06,0.0010186059527956,0.0,0.0004178646622775887,0.0,0.00018710893410379937,0.0008093726528874314,0.0009176055797563596
130,0.0061235785198434645,1.4696588447624277,0.002867310309735416,0.688154474336511,-2.6756374893466273e-11,-6.421540633169253e-09,-4.2441914693824856e-07,-0.0001018605952785,0.0,0.000426246434203386,0.0,0.00019083650708270138,0.0005666214552906297,0.0006741661516273244
131,0.006012337494835318,1.4429609987604683,0.002564336818560109,0.6154408364544155,4.512854456795168e-08,1.0830850689355794e-05,1.6766651145250222e-07,4.0239962757596646e-05,0.0,0.00044089914424623634,0.0,0.00020644675826613014,0.0004839840215099808,0.000559732078766257
132,0.006035877479663276,1.4486105951191994,0.00257866353406766,0.6188792481762476,-1.488413100547703e-07,-3.572191442622046e-05,-9.930042033090558e-08,-2.3832100882296628e-05,0.0,0.00043288813012096606,0.0,0.00018463395846785743,0.000456356089826216,0.0006628725367670639
133,0.006241793036129262,1.4980303286710148,0.002900961881118047,0.6962308514683379,-1.145505789001966e-06,-0.0002749213893705,-1.7879093554551417e-06,-0.0004290982453126,0.0,0.00043458287387340493,0.0,0.0001856640147043259,0.00046411887415026695,0.0005923681287847971
134,0.006177013213749749,1.4824831712999358,0.0027643821322158035,0.6634517117317817,1.1455057891129883e-07,2.749213893604729e-05,1.7879093550110525e-07,4.29098245309234e-05,0.0,0.00044940519446496166,0.0,0.00020886711833810942,0.0003391987759556426,0.0006350590523722983
135,0.006207177476788783,1.489722594429308,0.0028132460749443755,0.6751790579866581,-1.1530334909082285e-08,-2.7672803674690777e-06,-1.79932623245449e-08,-4.318382953300625e-06,0.0,0.0004447430239458647,0.0,0.00019903477774848351,0.00016248184871400702,0.0006332456079595026
136,0.006132580231594353,1.47181925558265,0.00264504794390108,0.634811506536262,3.3825210410398654e-09,8.11805045350996e-07,6.982025735347008e-09,1.6756861807586842e-06,0.0,0.0004469160976521344,0.0,0.00020255292418256465,0.00010506939052260146,0.000581807528311557
137,0.006228086593443649,1.4947407824264651,0.002765245725541321,0.6636589741299206,-3.382520930017563e-10,-8.118050498495678e-08,-0.00015683911486819024,-0.0376413875683709,0.0,0.00044155065583726544,0.0,0.0001904450609149831,0.0001276136829198947,0.0
138,-0.021642188883198687,-5.194125331967676,0.02130234311068091,5.11256234656341,3.3825164891254644e-11,8.118050232042151e-09,-0.00031409965582618327,-0.0753839173982944,0.0,0.0004484173202107846,0.0,0.00019909986790256237,0.0018420583185158625,0.0
139,-0.017015334549607464,-4.083680291905791,0.017395735227156095,4.174976454517476,0.03222649052905535,7.734357726973274,-0.02699071745272308,-6.477772188653545,0.0,0.0015582125842349475,0.0,0.001533738026352274,0.0010187397291114612,0.0
140,-0.01639077417494217,-3.9337858019861223,0.01741067889778558,4.178562935468546,0.030523308913723346,7.325594139293602,-0.028196533363624154,-6.767168007269784,0.0,0.0012250845883184872,0.0,0.0012524777352324445,0.0009882226953815791,0.00042520583250938235
141,0.008638425492579427,2.07322211821906,0.0005900060169032328,0.1416014440567599,-0.003052330883189569,-0.732559411965509,0.0017661340982169094,0.4238721835720449,0.0,0.0011801234889235704,0.0,0.001253552252166388,0.0009273514147314916,0.0005063595560468871
142,0.0063529410668556885,1.52470585604536,0.0024321057984932892,0.5837053916383896,0.0003051998278857937,0.0732479586926032,-0.001161516189558065,-0.2787638854939345,0.0,0.0006219632595045998,0.0,4.247954407821867e-05,0.000924914941661602,0.0005860034129593463
143,0.006481636612213126,1.555592786931161,0.002911470649551995,0.6987529558924833,-3.051998278857937e-05,-0.007324795869259,-0.00010529200250086745,-0.0252700806002025,0.0,0.0004574118781455977,0.0,0.00017511297216885047,0.0008100775550678819,0.0005032891812864636
144,0.00644167659409689,1.5460023825832512,0.0025224319537602846,0.605383668902488,3.0722977694130904e-06,0.0007373514646544,-4.619642466285878e-05,-0.0110871419190985,0.0,0.00046668032462484173,0.0,0.00020962604328560497,0.0007853995977492962,0.0005714017850864665
145,0.006581796009124563,1.579631042189898,0.002565632930351336,0.6157519032843127,-3.072315692964622e-07,-7.373557663790465e-05,-0.0002571785561117368,-0.0617228534668142,0.0,0.00046379597173107774,0.0,0.00018161282823068057,0.000794816111073133,0.00043680659335682833
146,0.006537488945626002,1.5689973469502276,0.002329507845393597,0.5590818828944735,5.4307713437951044e-05,0.0130338512251091,-0.0002895327189571528,-0.0694878525497299,0.0,0.00047388925926812446,0.0,0.0001847273260554644,0.0007432718451957911,0.0005478138369920967
147,0.006593860447326683,1.5825265073584014,0.0022659356885615933,0.543824565254769,1.691504243739317e-05,0.0040596101849766,-8.135915246154646e-05,-0.0195261965907598,0.0,0.00047070065977562856,0.0,0.00016772471632971325,0.0007816389553035107,0.00040853396431630876
148,0.006654920218247318,1.5971808523793587,0.0022270033174746073,0.5344807961939069,-1.6915042437837258e-06,-0.0004059610184974,-0.0002134913411593331,-0.051237921878229,0.0,0.0004747560146371843,0.0,0.00016314684003419994,0.0008310642061908051,0.0003944616584663198
149,0.006756037964655293,1.6214491115172618,0.0023338740669596736,0.5601297760703278,2.9095945672130696e-05,0.0069830269613001,-0.00012560439369213583,-0.0301450544861177,0.0,0.00047915445113581184,0.0,0.00016034183392522932,0.0009103995075029337,0.0004920365840057034
150,0.0067622393269904935,1.6229374384777215,0.0023202729763713292,0.5568655143291378,-2.9095945671686607e-06,-0.0006983026961311,-1.3548474463109805e-05,-0.0032516338711337,0.0,0.0004864333065895229,0.0,0.00016804236614110428,0.0007274586922167954,0.0004254409477236543
151,0.0068574897236841625,1.6457975336841884,0.002506353013397189,0.601524723215316,-4.32666292160544e-06,-0.0010383991011811,1.2711787312769118e-06,0.000305082895503,0.0,0.00048688116210914473,0.0,0.00016706029682308747,0.0006301214834573151,0.0004666904755831189
152,0.0067424022415421,1.6181765379700916,0.002350383592090277,0.5640920621016681,4.326662921272373e-07,0.0001038399101185,-1.2711787311658895e-07,-3.0508289550645345e-05,0.0,0.0004937361270131306,0.0,0.00018045480641393926,0.0005571174879251301,0.0003820994634908577
153,0.006777671357415027,1.6266411257796067,0.0023298702238062075,0.5591688537135044,-8.745472802496046e-06,-0.0020989134726039,1.2266699556118255e-07,2.9440078926447117e-05,0.0,0.00048545271916070287,0.0,0.00016922802203569933,0.0004877391956647219,0.00035468295701936365
154,0.006768380273987296,1.624411265756945,0.002293910516822706,0.5505385240374329,8.745472802607068e-07,0.0002098913472599,-1.2266699545016024e-08,-2.944007893468266e-06,0.0,0.00048798748334651147,0.0,0.0001677516568951568,0.0004484893839033256,0.000180277563773201
155,0.00668476779953131,1.6043442718875252,0.002155763808335487,0.5173833140005311,-8.745472801496845e-08,-2.0989134726256747e-05,1.2266699878082932e-09,2.944007890805405e-07,0.0,0.00048732364272074025,0.0,0.00016516040469876113,0.00044352078122367444,0.0005008991914547281
156,0.006551996697469753,1.572479207392749,0.0018259464167879047,0.4382271400290771,-5.730491645650204e-06,-0.0013753179949508,1.3654667530005327e-07,3.277120207291768e-05,0.0,0.0004813068332982042,0.0,0.00015521493109760956,0.00032683065776543865,0.0003190611226708817
157,0.006648607324782896,1.595665757947884,0.0019648607431818066,0.4715665783636489,5.730491645650204e-07,0.0001375317994956,-1.3654667507800866e-08,-3.2771202072012987e-06,0.0,0.0004717418512110309,0.0,0.00013146732174349078,0.0003040563643012782,0.0001843908891458508
158,0.006606434707880249,1.5855443298912728,0.0018679777179205215,0.4483146523009171,1.6485652287734354e-07,3.956556548249344e-05,5.376853967620221e-07,0.0001290444952138,0.0,0.00047869744936896775,0.0,0.00014147106037082778,0.0003649719076240129,0.00021023796041628906
159,0.006574709582113369,1.5779302997072218,0.0017836665974449994,0.4280799833868195,-1.6485652287734354e-08,-3.956556549056299e-06,-5.376853962069106e-08,-1.290444952228853e-05,0.0,0.0004756611505403728,0.0,0.00013449566853624252,0.00012333858841895404,0.00016155494421403273
160,0.0065342587908892025,1.568222109813411,0.0017023167478527612,0.4085560194846646,1.6485652842845866e-09,3.956556549056245e-07,5.376853962069106e-09,1.2904449508965854e-06,0.0,0.0004733787173255492,0.0,0.00012842265302761316,0.00011408040437107308,0.00016552945357247229
161,0.0065870344990346386,1.5808882797683104,0.0017670030095834899,0.4240807223000322,-1.8854000582990693e-09,-4.5249600668463357e-07,-2.552645428366418e-09,-6.126349062699537e-07,0.0,0.0004704708104555797,0.0,0.00012256605849817303,0.00010584422905694745,0.00013892443989449414
162,0.006624069487522699,1.5897766770054451,0.0018087068579059062,0.4340896458974054,-1.045900810403566e-09,-2.510161874433618e-07,-1.0490120994077756e-09,-2.517629077320966e-07,0.0,0.00047426142118012145,0.0,0.00012722280153365173,9.82044861766385e-05,0.0
163,-0.022805171967424043,-5.47324127218177,0.021465126473404927,5.151630353617192,1.0459011434704735e-10,2.5101619449685586e-08,-0.000267688846856462,-0.0642453232455637,0.0,0.00047692968898695507,0.0,0.00013022920997652384,0.0018209474068873412,0.0
164,-0.019863298923532224,-4.767191741647736,0.019227666513015385,4.614639963123697,0.0009675504397644863,0.2322121055434841,-0.0041991286847130604,-1.0077908843311427,0.0,0.0016419344997792807,0.0,0.0015454611684266723,0.0016292673174702738,0.0
165,-0.019334703867346148,-4.640328928163078,0.019421533001726,4.66116792041423,3.9139426630252494e-05,0.0093934623912692,-0.0003020463326643963,-0.0724911198394502,0.0,0.0014301331059737097,0.0,0.0013843689516259592,0.0019394438180505293,0.00013038404810405198
166,0.009503171803062926,2.280761232735109,-0.0002855730766133935,-0.0685375383872068,0.0003809778455218238,0.0914346829252417,3.0204633266417424e-05,0.0072491119839454,0.0,0.0013920779467102534,0.0,0.0013983296255764676,0.0010788292568204433,0.00016278820596100422
167,0.006799307331706417,1.631833759609535,0.002324192191914487,0.5578061260594737,0.002683447738831668,0.6440274573195927,-0.0031025558129447184,-0.7446133951067253,0.0,0.0006842293889997753,0.0,2.0561051612726193e-05,0.0009896998146597506,0.0001476482306023317
168,0.0069301286073503165,1.6632308657640773,0.0036189525149708246,0.8685486035929898,0.0024398094666914227,0.5855542720059547,-0.0028392345400585217,-0.6814162896140565,0.0,0.0004895477516940145,0.0,0.00016734141856693607,0.0009891317941996816,0.00012369316876852983
169,0.007119643640080664,1.7087144736193542,0.004461524206238493,1.07076580949725,0.0019133318845463432,0.4591996522911256,-0.0019969974486400144,-0.479279387673597,0.0,0.0004989671770757487,0.0,0.0002605616883643714,0.0008876024328113162,0.0001334166406412646
170,0.0071473273910159785,1.715358573843831,0.004887916286335392,1.173099908720475,0.0013342923704550147,0.3202301689092031,-0.0013338293561111492,-0.3201190454666636,0.0,0.000512609847368282,0.0,0.00032122986772735907,0.0007661548095231187,9.899494936611691e-05
171,0.006998310088753956,1.6795944213009444,0.0048917161953820065,1.174011886891692,0.0007459592863912068,0.1790302287338977,-0.0006984462837853478,-0.1676271081084722,0.0,0.0005146118201583537,0.0,0.00035192923851065975,0.0007100788720956523,0.00014999999999999598
172,0.007019976504178405,1.6847943610028069,0.005102542590851883,1.2246102218044446,0.0001542080533041279,0.0370099327929969,-0.0013595249772783147,-0.3262859945468028,0.0,0.0005038734872164092,0.0,0.00035220572778732614,0.0007384228636606004,0.0004031128874149319
173,0.007006041370672178,1.681449928961322,0.005043488478296609,1.2104372347911845,0.00025426530138228376,0.0610236723317386,-0.0008131707812794042,-0.1951609875070563,0.0,0.0005054371022420658,0.0,0.0003673814927219361,0.0008123494838244372,6.403124237432791e-05
174,0.0068776998145032575,1.650647955480787,0.005139652824661611,1.2335166779187838,0.0003915378811868431,0.0939690914848332,-0.00027883480398083194,-0.0669203529554126,0.0,0.000504432865703633,0.0,0.0003631305852131032,0.0008772918884665497,3.999999999999924e-05
175,0.0067639835185741015,1.623356044457775,0.005029103675124602,1.206984882029913,0.00019676672431845343,0.0472240138364403,-0.00038385062019452576,-0.0921241488466829,0.0,0.0004952006441023158,0.0,0.00037005384527827507,0.0009511497119297347,0.00010770329614269245
176,0.006609871205760287,1.5863690893824585,0.004973533590575202,1.1936480617380436,3.285941919550783e-05,0.0078862606069249,-0.00033077420987626116,-0.0793858103702895,0.0,0.00048700316520276733,0.0,0.00036209611721693826,0.0010411563825717552,0.00010630145812734445
177,0.00638043184213366,1.5313036421120891,0.004777823461121183,1.146677630669085,-3.2859419195618855e-06,-0.0007886260606921,-0.00029196726880698076,-0.0700721445136636,0.0,0.0004759095210709054,0.0,0.0003580929873548261,0.0011034833799008572,8.06225774829891e-05
178,0.006339773933150883,1.5215457439562103,0.004950105770939794,1.1880253850255478,-9.174269845513283e-05,-0.0220182476292286,2.9196726880731383e-05,0.0070072144513675,0.0,0.00045939041934405477,0.0,0.00034400559143080156,0.000939101353273964,8.246211251235006e-05
179,0.006267294818099733,1.5041507563439478,0.004732249964999408,1.135739991599864,9.174269845479976e-06,0.0022018247629231,-2.919672688062036e-06,-0.0007007214451375,0.0,0.00045646221481142075,0.0,0.00035640626782617907,0.0006728118625781965,0.0001442220510185614
180,0.0060995702175420385,1.4638968522100777,0.0042746794825141154,1.0259230758033793,-9.174269844924865e-07,-0.0002201824762915,2.919672688062036e-07,7.007214451348887e-05,0.0,0.00045124614489609586,0.0,0.00034072176038985855,0.000589736721016171,0.00024596747752497696
181,0.0061550801953035306,1.4772192468728529,0.004525576155882977,1.086138277411912,-2.366800462283436e-07,-5.68032110909414e-05,-1.4315028179501255e-06,-0.0003435606763074,0.0,0.000439168907150357,0.0,0.0003077780479985571,0.0005684134006456981,0.0003014962686336282
182,0.00598597153791014,1.436633169098428,0.004290206919118522,1.0296496605884415,9.490490542329866e-07,0.000227771773004,1.4352992110389096e-06,0.0003444718106391,0.0,0.00044316290066056353,0.0,0.0003258382956086618,0.0005757929607688504,0.0003041381265149127
183,0.005828255178073505,1.398781242737649,0.0041098985492944995,0.9863756518307012,-8.39444358580188e-06,-0.0020146664606007,-6.86379065806264e-08,-1.6473097575045594e-05,0.0,0.0004309888916685006,0.0,0.0003088947516986427,0.00045295978803808646,0.00017888543819998364
184,0.005686253966265098,1.3647009519036155,0.003924551392098796,0.9418923341036968,8.394443585801881e-07,0.0002014666460592,-8.705048418378158e-05,-0.0208921162041204,0.0,0.00041963615084214957,0.0,0.00029591231091669263,0.0003333772705915038,0.000165529453572466
185,0.005616557752180729,1.347973860523377,0.0037212096315075993,0.8930903115618298,-8.394443584691658e-08,-2.0146664605924517e-05,-0.0005755614554953103,-0.1381347493188835,0.0,0.00040940788493729443,0.0,0.0002825669008187352,0.0003882793193396206,0.00012041594578793194
186,0.005580568112166784,1.3393363469200308,0.0037547899210433056,0.9011495810503928,8.394443584691658e-09,2.014666460325998e-06,-0.00013106583467259458,-0.0314558003214319,0.0,0.0004043916486683637,0.0,0.0002679275087580997,0.0005061866535747248,0.00014866068747318448
187,0.005448139203605762,1.3075534088653784,0.003402467109014401,0.8165921061634426,-8.394444028780867e-10,-2.0146664603259978e-07,-0.00022516783889514613,-0.0540402813348235,0.0,0.00040180056326081614,0.0,0.00027034737273763095,0.0005267515659174287,8.99999999999998e-05
188,0.005388548310125363,1.293251594430095,0.0033420891679458997,0.8021014003070136,8.394440698111794e-11,2.0146665671459327e-08,-0.0002553606680948395,-0.0612865603427674,0.0,0.000392267788598356,0.0,0.00024497745480434404,0.0005851567240503673,0.00016999999999999736
189,0.005429715979756278,1.303131835141501,0.003435747899953101,0.8245794959887562,-8.394396289190809e-12,-2.01466576754683e-09,-0.0001585240399405441,-0.0380457695857228,0.0,0.00038797255869355967,0.0,0.00024063093269070533,0.0005494238643617012,0.0001655294535724687
190,0.005420184947312667,1.3008443873550346,0.0034862214752096887,0.8366931540503101,3.0917314264300444e-09,7.420155367515735e-07,1.5758671996990437e-05,0.0037820812792644,0.0,0.0003909417442650005,0.0,0.0002473718087458648,0.00046712835573379174,0.00015999999999999955
191,0.0054177044308725275,1.30024906340942,0.003579387966740899,0.8590531120178176,1.9466731560058292e-09,4.672015642321096e-07,-2.003795183447288e-06,-0.0004809108440162,0.0,0.000390248412975173,0.0,0.000251006762262326,0.00041046517406012395,8.944271909999105e-05
192,0.00526788625296104,1.2642927007106444,0.00324077164813949,0.7777851955535008,8.218914546720413e-07,0.0001972539491265,2.0661071546967946e-06,0.0004958657171194,0.0,0.00039007229078911673,0.0,0.000257717758886124,0.0004045546410256077,0.0
193,-0.021424809825217883,-5.141954358052303,0.021518696195398812,5.164487086895717,-8.218914548940859e-08,-1.972539491212899e-05,-0.0005934365184685486,-0.1424247644324462,0.0,0.00037929384822149874,0.0,0.00023333356090718505,0.0019333148536070197,0.0
194,-0.01712384763257957,-4.109723431819095,0.0176708227314909,4.240997455557815,0.03245352446221572,7.788845870931764,-0.026335237192544603,-6.320456926210713,0.0,0.0015425625492080108,0.0,0.0015493158201437215,0.0004400145850865619,0.0
195,-0.016434939390828074,-3.944385453798728,0.017656192190986894,4.237486125836843,0.03143651383794588,7.544763321107008,-0.026330448881799695,-6.319307731631931,0.0,0.0012328982751852128,0.0,0.0012722827609732066,0.00034797613144253286,0.0003176476034853745
196,0.007407146942977505,1.7777152663145943,0.0005440502748252085,0.1305720659580371,-0.0031436513837945768,-0.7544763321107011,0.0023433244793829022,0.5623978750518921,0.0,0.0011833068321491639,0.0,0.0012712312489544316,0.00033530466395934104,0.0003220248437620928
197,0.0051028869541207555,1.2246928689889909,0.00220042660843639,0.5281023860247444,0.0003143651383794577,0.0754476332110698,-0.000518366364300582,-0.1244079274321376,0.0,0.000533318284167759,0.0,3.916955594138224e-05,0.000372198441366858,0.00029154759474227086
198,0.004892645307487342,1.1742348737969532,0.001824003762194007,0.4377609029265677,0.00036148888225429054,0.0867573317410201,-0.0017812683442405275,-0.4275044026177323,0.0,0.000367401461618263,0.0,0.0001584301656482193,0.0003140841308342535,0.00027073972741361706
199,0.004863993066814842,1.1673583360355733,0.0014689743877430023,0.3525538530583145,8.54663149135737e-05,0.0205119155792669,-0.0003227507695928722,-0.0774601847022983,0.0,0.0003522780812230359,0.0,0.00013133026772081023,0.0003987053921725818,0.00022671568097509554
200,0.004872138452139629,1.1693132285135048,0.0015225279919238027,0.3654067180617166,6.406446523699039e-05,0.0153754716568845,-0.00025941447644661775,-0.0622594743471955,0.0,0.0003502027234930765,0.0,0.00010576391278255979,0.00046471857072431485,0.0002051828452868327
201,0.004857454328274002,1.1657890387857694,0.0015216654831508927,0.3651997159562021,2.7407195334339107e-05,0.0065777268802393,-0.0002779249248561211,-0.0667019819654626,0.0,0.00035079659108035974,0.0,0.0001096251323247085,0.0005336208145178403,0.00017029386365926362
202,0.004674078953211702,1.121778948770798,0.001192285556014902,0.28614853344359,-2.7407195334339107e-06,-0.000657772688024,-0.00022128283228317613,-0.0531078797479631,0.0,0.0003497334350982688,0.0,0.00010955844462118074,0.0006008574959643292,0.00018601075237738055
203,0.00478860429789274,1.149265031494267,0.0013851509504462997,0.3324362281071113,0.00011414276363408415,0.0273942632721742,-0.0004236467105841468,-0.1016752105402063,0.0,0.00033653411926542104,0.0,8.584481883998314e-05,0.0006415979122626292,0.0001389244398944937
204,0.004744141933119783,1.138594063948737,0.0013765841257670983,0.3303801901841002,-1.1414276363419518e-05,-0.002739426327218,-1.7387985342898205e-05,-0.0041731164822829,0.0,0.0003447790932377055,0.0,9.97304813972249e-05,0.0004964628549358909,0.00031240998703626407
205,0.004666295882347016,1.1199110117632902,0.0013012573696419005,0.3123017687140627,7.592748742402122e-06,0.001822259698176,1.7620003787133243e-06,0.0004228800908973,0.0,0.00034157955239053734,0.0,9.911456291532246e-05,0.00039399152759625396,0.0003721558813185692
206,0.004807656261270998,1.1538375027050498,0.0017119920012151,0.4108780802916205,-7.592748741958033e-07,-0.0001822259698176,-1.762000378935369e-07,-4.228800908911984e-05,0.0,0.00033596837953166577,0.0,9.369000436423846e-05,0.0003150680795619835,0.0003008321791298264
207,0.004710620976179025,1.1305490342829714,0.0014337018349536018,0.3440884403888721,7.59274874084781e-08,1.822259698069928e-05,1.762000378935369e-08,4.228800909444885e-06,0.0,0.00034615751963459977,0.0,0.00012326461908221563,0.00023949724613780347,0.0002690724809414737
208,0.0047203071029345844,1.1328737047042925,0.0014353062847145964,0.3444735083314848,-7.59274876305227e-09,-1.8222597122375932e-06,-0.00016322679622515768,-0.0391744310940452,0.0,0.00033915708217993623,0.0,0.00010322512338097293,0.00018428830573811943,0.0002701851217221274
209,0.004728364793009199,1.134807550322199,0.001434289850164104,0.3442295640393958,7.592748652029968e-10,1.822259703132274e-07,-5.890523694573879e-05,-0.0141372568669695,0.0,0.0003398631752210394,0.0,0.00010334172076672216,0.00011972432054140769,0.0002690724809414742
210,0.0047326539116780975,1.1358369388027527,0.0014442554227832999,0.3466213014679962,-7.592748652029968e-11,-1.8222596764871923e-08,5.890523694596084e-06,0.0014137256866977,0.0,0.00034044505030347843,0.0,0.00010326881529970409,0.00015474698978808668,9.899494936611706e-05
211,0.004716619813261103,1.1319887551826755,0.0014030116854054989,0.3367228044973009,5.963467275549306e-09,1.4312321400397829e-06,-5.693794080663395e-07,-0.0001366510579393,0.0,0.00034075079629410283,0.0,0.00010398712496182688,0.00013801225200571525,9.219544457292404e-05
212,0.004702973471423122,1.1287136331415386,0.0013412885933589969,0.321909262406175,-5.963467497593911e-10,-1.4312321461318336e-07,5.6937940806633947e-08,1.3665105793592147e-05,0.0,0.00033959334541251815,0.0,0.00010101774466025909,0.00021125360039764225,0.0004870318264754388
213,0.004748368252616819,1.1396083806280335,0.0014000654291547038,0.3360157029971297,5.963463056701812e-11,1.431232199425249e-08,-2.3794614361083433e-05,-0.005710707446662,0.0,0.0003386180110094345,0.0,9.657143380774746e-05,0.00013977354070514162,0.0004810405388322269
214,0.004784346141198825,1.1482430738877127,0.0014253456983589,0.3420829676061273,-5.963451954471566e-12,-1.4312311336084351e-09,-0.00024559653643818624,-0.0589431687451625,0.0,0.00034188106191291044,0.0,0.00010080558900806505,0.00021983630160075807,0.00047759815745038116
215,0.004819661240596962,1.1567186977432626,0.00150419134338,0.3610059224112078,5.963007865261716e-13,1.4312284452207277e-10,-0.0002741191069494109,-0.0657885856678565,0.0,0.0003444735429087953,0.0,0.00010262419681891675,0.00022994408639632945,0.0004876474136094693
216,0.00495692074062315,1.189660977749564,0.0017448463522484955,0.4187631245396265,-5.96189764223709e-14,-1.4311218876628118e-11,-0.00025315304687267837,-0.0607567312494398,0.0,0.00034701400251510106,0.0,0.00010830217627055263,0.0002567309628361019,0.00013601470508735396
217,0.0049295078873005105,1.1830818929521334,0.0016347120482270022,0.392330891574488,5.995204332975845e-15,1.4308554341369017e-12,-0.00016071186900290524,-0.038570848560703,0.0,0.000356895072342235,0.0,0.00012562854529482492,0.00024499963961179325,0.0001503329637837293
218,0.004904179266167041,1.177003023880098,0.0015402667893568006,0.3696640294456231,-5.551115123125783e-16,-1.4388490399142031e-13,-0.00026755952028290064,-0.0642142848679065,0.0,0.00035492840902850216,0.0,0.00011769918544887494,0.00025416596342368435,0.00020099751242241774
219,0.004880796068068571,1.171391056336457,0.0015114124385759015,0.3627389852582224,1.2020971551507387e-07,2.885033171975862e-05,-0.0004212017808159496,-0.1010884273958202,0.0,0.0003531007004878729,0.0,0.00011089941798985502,0.0003199800797737667,0.00034999999999999615
220,0.004914350494408692,1.179444118658094,0.001530001064938502,0.3672002555852282,-1.2020971551507387e-08,-2.885033172361773e-06,-0.00024055401621436712,-0.0577329638914404,0.0,0.00035141638187100987,0.0,0.00010882224899963671,0.0004325235977093683,9.999999999999999e-06
221,0.00488788352962255,1.1730920471093826,0.001413655361269299,0.3392772867046394,1.2020971995596597e-09,2.885033172361773e-07,-0.00016058746356573117,-0.038540991255788,0.0,0.0003538305708918132,0.0,0.000110160054196334,0.00035813287167235365,3.162277660168476e-05
222,0.004856474719906578,1.1655539327776183,0.0014072070728934974,0.337729697494444,1.2182192810072934e-08,2.923726264540368e-06,1.5987990706123334e-05,0.0038371177694713,0.0,0.0003519292786342037,0.0,0.00010178260938827607,0.0002760389155479769,0.0
223,-0.0220248806101766,-5.28597134644238,0.0207531645909177,4.980759501820248,-1.2182193032117539e-09,-2.923726274417504e-07,-0.0017018445451659758,-0.4084426908398431,0.0,0.0003496689039579424,0.0,0.00010131971906705767,0.002080796791198122,0.0
224,-0.018488467019376564,-4.437232084650375,0.0178501811421561,4.284043474117487,0.0054612724883469355,1.3107053972032647,-0.01863907149173305,-4.4733771580159285,0.0,0.0015857607022821214,0.0,0.0014942007816944223,0.002039375572194995,0.0
225,-0.018142584003372653,-4.35422016080945,0.0182516236884434,4.380389685226413,0.002982446355247359,0.7157871252593553,-0.01115093497769748,-2.676224394647388,0.0,0.0013311523607386227,0.0,0.001285196043632988,0.00283894716743136,3.605551275463944e-05
226,0.007720268897194793,1.852864535326738,-0.0002930531767861011,-0.0703327624286611,0.004000370544963161,0.9600889307911624,-0.002820453813715984,-0.676908915291834,0.0,0.0013062453791002698,0.0,0.0013140978043126872,0.002063858971057653,3.162277660168473e-05
227,0.0052348158031090275,1.2563557927461555,0.003464619623865302,0.8315087097276712,0.005665780210814875,1.3597872505955806,-0.004764209654825158,-1.1434103171580454,0.0,0.0005558522731572807,0.0,2.1099040555536504e-05,0.0014984327665526845,3.162277660168259e-05
228,0.005268942422417822,1.2645461813802792,0.005079556268196096,1.2190935043670628,0.004194337788044233,1.006641069130628,-0.0030103595644616066,-0.7224862954707729,0.0,0.0003769077479713663,0.0,0.00024945182982419415,0.0009592504246199975,4.472135954999542e-05
229,0.005310112698745151,1.274427047698829,0.005594341042284803,1.3426418501483437,0.0028636305573069842,0.6872713337536891,-0.0019732320311871554,-0.4735756874849149,0.0,0.0003793660252422075,0.0,0.0003657278830780332,0.00067085821187572,0.0
230,0.00512625696910729,1.2303016725857585,0.005501146018007101,1.3202750443217164,0.0019672383047451003,0.4721371931388303,-0.0016005024322255368,-0.3841205837341396,0.0,0.0003823243564273968,0.0,0.0004027930554777063,0.0006014514964262544,3.162277660168593e-05
231,0.005107301591232738,1.2257523818958624,0.005624278170256097,1.3498267608614545,0.0014233636145011275,0.3416072674802732,-0.0011365748336906734,-0.2727779600857493,0.0,0.00036909457207915297,0.0,0.0003960812363655795,0.0005964660324498073,3.1622776601685916e-05
232,0.005007963880788835,1.201911331389325,0.0054330986005296025,1.3039436641271092,0.0008623805874244939,0.2069713409818662,-0.0006903897785009994,-0.1656935468402372,0.0,0.0003677186455936424,0.0,0.0004049475497738511,0.0006041844979349451,7.071067811865521e-05
233,0.005042476862825329,1.2101944470780752,0.005518147589891498,1.3243554215739644,0.0005665773248619832,0.1359785579668693,-0.0004625666470551293,-0.1110159952932362,0.0,0.0003605726864194001,0.0,0.0003911825678778323,0.0006505126614834339,0.0001118033988749893
234,0.004936139632745418,1.184673511858885,0.005165404883162507,1.239697171958993,0.0002224323343581469,0.0533837602459638,-0.00018928240167437327,-0.0454277764018436,0.0,0.0003630576362466609,0.0,0.00039730562393008797,0.0007218268446464558,9.055385138137451e-05
235,0.004876937827668071,1.1704650786403732,0.004812944817376,1.1551067561702408,0.00016362055134688802,0.0392689323232636,1.8928240167470634e-05,0.0045427776401849,0.0,0.0003554066835611465,0.0,0.00037191028746901575,0.0008458579869030428,9.486832980505208e-05
236,0.00475822273486437,1.1419734563674364,0.004404878943555193,1.0571709464532577,0.00020236272594342797,0.048567054226434,4.839485236995955e-07,0.0001161476456836,0.0,0.00035114019943361,0.0,0.00034653092342227506,0.0009017086725472548,9.055385138137372e-05
237,0.004674980183993149,1.1219952441583885,0.004009076616745905,0.9621783880190062,0.00035687778614212906,0.0856506686741228,-4.839485223673279e-08,-1.1614764531082906e-05,0.0,0.00034259271593962065,0.0,0.00031715091292288365,0.00037164308938573536,0.00019416487838947566
238,0.0046604327884820496,1.118503869235702,0.0034988629087057965,0.8397270980893861,0.0005825765160647478,0.1398183638555366,-0.002535680252554018,-0.6085632606129661,0.0,0.0003365974526956955,0.0,0.0002886522505481286,0.0002991149180480605,0.00034014702703389905
239,0.0045677862488016086,1.096268699712385,0.003250211642959605,0.7800507943103098,0.0005236833793587081,0.1256840110460914,-0.0016923728998227139,-0.4061694959574623,0.0,0.000335548071378338,0.0,0.00025191923962472314,0.00038942688802466206,0.0002147091055358412
240,0.0044808989696604185,1.0754157527184405,0.003213248963602991,0.7711797512647103,0.00040686352938557047,0.0976472470525295,-0.0013678187541270037,-0.3282765009904657,0.0,0.0003288790923754011,0.0,0.0002340146521680549,0.00044230705610335923,0.0005122499389946328
241,0.004275089233158336,1.0260214159580547,0.002952216886824399,0.7085320528378574,0.0002799547370714306,0.0671891368971317,-0.0009276774475444061,-0.2226425874106621,0.0,0.0003226275806167154,0.0,0.00023135328075328787,0.0004749942161901733,0.0005900847396772705
242,0.004125426529598464,0.9901023671036272,0.0028507011610540978,0.6841682786530083,0.0002304926111253991,0.0553182266700951,-0.0007574763670609164,-0.1817943280946137,0.0,0.000307806215916246,0.0,0.00021256058740807583,0.0005092931051181349,0.00023409399821439376
243,0.00396942373690734,0.9526616968577412,0.00267278144923791,0.6414675478170786,0.00018511623246530995,0.0444278957916789,-0.0005842444868873753,-0.1402186768529877,0.0,0.0002970280656238556,0.0,0.00020524989058578666,0.0005664418203039431,5.099019513592711e-05
244,0.003848961901700809,0.9237508564082074,0.002585552539608002,0.6205326095059186,0.0001656645310824656,0.0397594874597891,-0.0005127317831569167,-0.123055627957651,0.0,0.00028580242817834715,0.0,0.0001924402980126052,0.0006095234681667455,9.999999999996123e-06
245,0.003773844736051024,0.905722736652207,0.0026505481421958965,0.6361315541270242,0.0001558413818953941,0.0374019316549029,-0.000271059450332789,-0.0650542680798646,0.0,0.00027712420117852925,0.0,0.00018615934174292856,0.0005223313429412608,3.162277660168254e-05
246,0.0037165314972341656,0.8919675593362174,0.0026438629714869016,0.634527113156859,0.00019622611230896148,0.047094266954146,-0.0008089070223981087,-0.1941376853755418,0.0,0.0002717167094475545,0.0,0.0001908396267168685,0.0003823933630045054,2.8284271247461286e-05
247,0.003634508736032882,0.8722820966478965,0.002687072277893901,0.6448973466945341,0.00022526415561396895,0.0540633973473619,-0.0008914391327057292,-0.2139453918493853,0.0,0.0002675894433580817,0.0,0.0001903587184346261,0.0003780124125661384,7.071067811865412e-05
248,0.0035883330691554027,0.8611999365972641,0.0026970752190065977,0.6472980525615731,0.00022400748569684215,0.0537617965672547,-0.0008882464209472585,-0.2131791410273316,0.0,0.00026168341112854714,0.0,0.0001934694155872437,0.00037819483778544957,6.324555320336733e-05
249,0.0035365757764357353,0.8487781863445951,0.002710436209207495,0.6505046902098025,0.0002252915138841738,0.0540699633321894,-0.0008904121520983965,-0.2136989165036299,0.0,0.00025835691860154477,0.0,0.0001941886589074197,0.00037958638414606257,6.324555320336957e-05
250,0.0035093770628745746,0.8422504950898765,0.002650265225666096,0.6360636541598658,0.00017987990537138288,0.0431711772891337,-0.0007023456320113253,-0.1685629516827101,0.0,0.0002546331076450223,0.0,0.00019515118645873974,0.0003543556569740888,7.61577310586372e-05
251,0.0034370549334106215,0.8248931840185739,0.002749445515055307,0.6598669236132737,0.0002554920786239645,0.0613180988697634,-0.0009241150649539898,-0.2217876155889767,0.0,0.00025267977136227864,0.0,0.0001908188178317383,0.0003886798866013579,6.324555320336735e-05
252,0.0033782448491702644,0.8107787638008762,0.0027378553048305054,0.6570852731593346,0.0002349123126265118,0.0563789550303516,-0.0009231182384508152,-0.2215483772281903,0.0,0.0002474667478542863,0.0,0.0001979611758713843,0.00039535676493054515,0.0001627882059609975
253,0.003318456500620348,0.7964295601488598,0.0027372486343976987,0.6569396722554357,0.00022569004652983615,0.0541656111671559,-0.0008782118731335831,-0.210770849552065,0.0,0.00024323215785566245,0.0,0.0001971249014677094,0.00038774577679536295,0.0003569313659514938
254,0.0032452945144123557,0.7788706834590072,0.002740969786041006,0.657832748649847,0.00020585540904727306,0.0494052981713463,-0.0007089350213267953,-0.1701444051184365,0.0,0.00023892793656024215,0.0,0.0001970820689364534,0.0004210645280912008,0.00027730849247724115
255,0.0031657442957028215,0.759778630968666,0.002665459932629677,0.6397103838311311,0.00023478335660664928,0.0563480055855961,-0.0009469301786813045,-0.2272632428835103,0.0,0.00023366328487068537,0.0,0.00019734937730788083,0.0003615126490543325,0.0005360037313302923
256,0.0031513995290134433,0.7563358869632001,0.0027778785077919033,0.6666908418700599,0.0002720800123331424,0.0652992029599573,-0.0010761804247190199,-0.2582833019325631,0.0,0.00022793133513425413,0.0,0.00019191433844707257,0.0003687944628422928,0.0005300000000000027
257,0.003176381444501941,0.762331546680475,0.0029122011691739003,0.6989282806017323,0.00030475484383207796,0.0731411625196922,-0.0011904668039828814,-0.2857120329558896,0.0,0.00022690091911910113,0.0,0.0002000064748367076,0.0003806735688785486,0.00029154759474226365
258,0.0030751376330968583,0.7380330319432479,0.0028324890209857068,0.6797973650365704,0.00030078737705774294,0.0721889704938692,-0.0010958149818039997,-0.2629955956329645,0.0,0.00022870205524121008,0.0,0.0002096774495196562,0.00036685719233952885,0.0003992492955535447
259,0.002969892085153747,0.712774100436902,0.002746648524657197,0.6591956459177145,0.000278674455831629,0.0668818693995919,-0.0010357630178187138,-0.248583124276477,0.0,0.00022141112106118421,0.0,0.00020393944238566452,0.0003576429084745388,0.0
260,0.002934408987474768,0.7042581569939527,0.002766879131341299,0.6640509915219344,0.00029511906349966033,0.0708285752399219,-0.00103608056791199,-0.2486593362988823,0.0,0.00021382974881717557,0.0,0.000197758870910986,0.0003772792603860748,0.0
261,0.0028888615875199974,0.6933267810047807,0.002768454163468298,0.664428999232391,0.0003261211604999037,0.0782690785199854,-0.0011584192111134262,-0.2780206106672404,0.0,0.0002112759768354955,0.0,0.0001992148121751979,0.000406603508452833,0.0
262,0.0028399163733117128,0.6815799295948295,0.002778603705553301,0.66686488933278,0.0003310321260752147,0.0794477102580405,-0.0011484732539495668,-0.2756335809478852,0.0,0.00020799750517055637,0.0,0.0001993301567901547,0.000424619348174554,0.0
263,0.0027642212268392807,0.6634130944414254,0.0028154277908851166,0.6757026698124208,0.00023413094020119374,0.056191425648298,-0.0008044609133318059,-0.1930706191996392,0.0,0.00020447674652709815,0.0,0.00020005893206851935,0.00044183097269621686,0.0
264,0.002727449537059279,0.6545878888942419,0.0028118102444998905,0.674834458679981,0.00032423318862728756,0.077815965270539,-0.0012443937200298238,-0.2986544928071575,0.0,0.00019902255586293864,0.0,0.00020271087152297473,0.0003631445370782986,0.0
265,0.002662565854627097,0.6390158051104977,0.0028473898107138074,0.6833735545713062,0.0003518433550631084,0.0844424052151523,-0.001328986782418995,-0.3189568277805703,0.0,0.00019637896156992737,0.0,0.00020244956364498447,0.00036229431224646814,0.0
266,0.0026147892341870094,0.6275494162049571,0.002857969093408491,0.6859125824180564,0.00035831294012300674,0.0859951056295287,-0.0013470069130062101,-0.3232816591214813,0.0,0.0001916989511286793,0.0,0.00020501174751943172,0.00036637389051479095,0.0
267,0.0025601807795014864,0.6144433870802918,0.002874641065621908,0.6899138557492505,0.00036355912941365975,0.0872541910592774,-0.0013593319632741463,-0.3262396711858111,0.0,0.00018826387133802358,0.0,0.00020577324575383885,0.00037145663045837907,0.0
268,0.002500495126646962,0.600118830395279,0.002906219341900107,0.6974926420560096,0.0003372651208620736,0.0809436290069032,-0.0011497638014636435,-0.2759433123512714,0.0,0.00018433443209640182,0.0,0.00020697519770285133,0.00037935261214408375,7.211102550928352e-05
269,0.0024657319267933353,0.5917756624303259,0.002937476834527497,0.7049944402866122,0.00038955702284071414,0.0934936854817771,-0.0013010763326055108,-0.3122583198253164,0.0,0.00018003442261093947,0.0,0.00020924725489596485,0.0003842771927884819,5.8309518948454217e-05
270,0.0024129631219811376,0.5791111492755303,0.002988388818425086,0.7172133164220273,0.0003863223993036957,0.0927173758328799,-0.0013046502942181681,-0.3131160706123437,0.0,0.00017753464276458388,0.0,0.00021149779115963075,0.0003930528032064149,5.8309518948454217e-05
271,0.002359381072984945,0.5662514575164057,0.0029951289672170978,0.7188309521320916,0.0004244934068893258,0.1018784176534491,-0.0015653139542710082,-0.3756753490250514,0.0,0.00017373248179392112,0.0,0.00021516534092493237,0.0004183258402568527,0.0
272,0.0023177986854965305,0.5562716845191724,0.003039163258208799,0.7293991819701031,0.00044983474176329974,0.1079603380231805,-0.0016349491307283137,-0.3923877913747945,0.0,0.0001698750716518749,0.0,0.00021564761016218615,0.00042828562854348124,0.0004031128874149232
273,0.0023019292467729713,0.5524630192255247,0.0031967946388485047,0.767230713323646,0.00041785218127454726,0.1002845235058783,-0.001453660085595887,-0.3488784205430176,0.0,0.0001668833447817797,0.0,0.00021882052596241538,0.0005011719349333705,0.0003992492955535447
274,0.0023108091707111367,0.554594200970667,0.0033084492226281015,0.7940278134307582,0.000545525383593537,0.130926092062454,-0.0019431079285626152,-0.4663459028550204,0.0,0.00016573901761294177,0.0,0.00023016824991422172,0.0005020252966508954,0.0
275,0.002213194331548207,0.5311666395715517,0.003368554448406308,0.8084530676174972,0.0005199103673828587,0.1247784881718796,-0.0019546658345908074,-0.4691198003017883,0.0,0.00016637933970319033,0.0,0.0002382082516095716,0.0004584364142190837,0.0003992492955535447
