,Phase,Cube_Pos_X,Cube_Pos_Y,Cube_Pos_Z,Cube_Orn_X,Cube_Orn_Y,Cube_Orn_Z,b'l_prox_pin'_link_pos_x,b'l_prox_pin'_link_pos_y,b'l_prox_pin'_link_pos_z,b'l_prox_pin'_link_orn_x,b'l_prox_pin'_link_orn_y,b'l_prox_pin'_link_orn_z,b'l_distal_pin'_link_pos_x,b'l_distal_pin'_link_pos_y,b'l_distal_pin'_link_pos_z,b'l_distal_pin'_link_orn_x,b'l_distal_pin'_link_orn_y,b'l_distal_pin'_link_orn_z,b'r_prox_pin'_link_pos_x,b'r_prox_pin'_link_pos_y,b'r_prox_pin'_link_pos_z,b'r_prox_pin'_link_orn_x,b'r_prox_pin'_link_orn_y,b'r_prox_pin'_link_orn_z,b'r_distal_pin'_link_pos_x,b'r_distal_pin'_link_pos_y,b'r_distal_pin'_link_pos_z,b'r_distal_pin'_link_orn_x,b'r_distal_pin'_link_orn_y,b'r_distal_pin'_link_orn_z,b'l_prox_pin'_joint_angle,b'l_prox_pin'_joint_vel,b'l_prox_pin'_joint_react_forces,b'l_prox_pin'_joint_motor_torque,b'l_distal_pin'_joint_angle,b'l_distal_pin'_joint_vel,b'l_distal_pin'_joint_react_forces,b'l_distal_pin'_joint_motor_torque,b'r_prox_pin'_joint_angle,b'r_prox_pin'_joint_vel,b'r_prox_pin'_joint_react_forces,b'r_prox_pin'_joint_motor_torque,b'r_distal_pin'_joint_angle,b'r_distal_pin'_joint_vel,b'r_distal_pin'_joint_react_forces,b'r_distal_pin'_joint_motor_torque,contact_point_l_dist,contact_normal_l_dist,contact_distance_l_dist,contact_norm_force_l_dist,contact_point_r_dist,contact_normal_r_dist,contact_distance_r_dist,contact_norm_force_r_dist
0,Open,,,,,,,-0.026750000193715096,0.05299999937415123,0.0,0.0,-0.0,0.42911963056438457,-0.056707073003053665,0.11847192794084549,0.0,0.0,-0.0,0.45039105429582504,0.026750000193715096,0.05299999937415123,0.0,0.0,0.0,-0.4289764193204764,0.05669769272208214,0.11847621947526932,0.0,0.0,0.0,-0.45025571851814855,0.5441678170851227,27.611554939934045,"(0.0, 0.0, 0.0, 0.0, 0.0, 0.0)",-4.44759405077923,0.019144266012647085,-0.5105137603372556,"(0.0, 0.0, 0.0, 0.0, 0.0, 0.0)",-0.31309363847858035,-0.5440389941346144,-27.61501953876534,"(0.0, 0.0, 0.0, 0.0, 0.0, 0.0)",4.448144808027069,-0.01915135067266845,0.5107026846044919,"(0.0, 0.0, 0.0, 0.0, 0.0, 0.0)",0.31312949345866065,,,,,,,,
1,Open,,,,,,,-0.026750000193715096,0.05299999937415123,0.0,0.0,-0.0,0.8983214686784933,-0.08307433128356934,0.09785052388906479,0.0,0.0,-0.0,0.9108819698249412,0.026750000193715096,0.05299999937415123,0.0,0.0,0.0,-0.8982371197662743,0.0830705463886261,0.09785527735948563,0.0,0.0,0.0,-0.9108023202037385,0.9655290545479623,16.129827700889184,"(0.0, 0.0, 0.0, 0.0, 0.0, 0.0)",-2.608510457452871,0.011304497637807977,-0.30145327034154606,"(0.0, 0.0, 0.0, 0.0, 0.0, 0.0)",-0.18678019531077908,-0.9654531329157218,-16.131853521172594,"(0.0, 0.0, 0.0, 0.0, 0.0, 0.0)",2.60883512599667,-0.011308681058703994,0.3015648282321065,"(0.0, 0.0, 0.0, 0.0, 0.0, 0.0)",0.18680210025389385,,,,,,,,
2,Open,,,,,,,-0.026750000193715096,0.05299999937415123,0.0,0.0,-0.0,1.1741944283651782,-0.09316128492355347,0.08081261068582535,0.0,0.0,-0.0,1.1816112280342423,0.026750000193715096,0.05299999937415123,0.0,0.0,0.0,-1.1741446690701827,0.09315989911556244,0.08081591129302979,0.0,0.0,0.0,-1.1815643119569732,1.2141223950675137,9.582717980970411,"(0.0, 0.0, 0.0, 0.0, 0.0, 0.0)",-1.566594992367831,0.006675192810149232,-0.17800514160397932,"(0.0, 0.0, 0.0, 0.0, 0.0, 0.0)",-0.11329787118344785,-1.2140776892842056,-9.583921137352123,"(0.0, 0.0, 0.0, 0.0, 0.0, 0.0)",1.566790308868891,-0.006677663078354121,0.1780710154227766,"(0.0, 0.0, 0.0, 0.0, 0.0, 0.0)",0.11331132548769854,,,,,,,,
3,Open,,,,,,,-0.026750000193715096,0.05299999937415123,0.0,0.0,-0.0,1.337422599908487,-0.09679820388555527,0.069650799036026,0.0,0.0,-0.0,1.341802240600705,0.026750000193715096,0.05299999937415123,0.0,0.0,0.0,-1.3373935010497093,0.09679771959781647,0.06965284049510956,0.0,0.0,0.0,-1.3417745748308543,1.3608861859844497,5.63125112679965,"(0.0, 0.0, 0.0, 0.0, 0.0, 0.0)",-0.9227968999123518,0.003941634602465021,-0.10511025606573396,"(0.0, 0.0, 0.0, 0.0, 0.0, 0.0)",-0.06711493445237729,-1.360859910394858,-5.631958377219917,"(0.0, 0.0, 0.0, 0.0, 0.0, 0.0)",0.9229121714364041,-0.003943093271137326,0.10514915389699532,"(0.0, 0.0, 0.0, 0.0, 0.0, 0.0)",0.06712296635595605,,,,,,,,
4,Open,,,,,,,-0.026750000193715096,0.05299999937415123,0.0,0.0,-0.0,1.433340417582614,-0.09807088226079941,0.06286568194627762,0.0,0.0,-0.0,1.435926710678358,0.026750000193715096,0.05299999937415123,0.0,0.0,0.0,-1.4333233494124675,0.09807071089744568,0.06286691129207611,0.0,0.0,0.0,-1.435910326708968,1.4471279012605536,3.30897554970189,"(0.0, 0.0, 0.0, 0.0, 0.0, 0.0)",-0.5427795369014742,0.0023274958164095708,-0.062066555104255156,"(0.0, 0.0, 0.0, 0.0, 0.0, 0.0)",-0.03960444627738313,-1.4471124587012973,-3.30939124445761,"(0.0, 0.0, 0.0, 0.0, 0.0, 0.0)",0.5428474212252811,-0.0023283571456738806,0.06208952388463673,"(0.0, 0.0, 0.0, 0.0, 0.0, 0.0)",0.039609207157766106,,,,,,,,
5,Open,,,,,,,-0.026750000193715096,0.05299999937415123,0.0,0.0,-0.0,1.4897019508130835,-0.09851337969303131,0.05883239582180977,0.0,0.0,-0.0,1.4912292304794907,0.026750000193715096,0.05299999937415123,0.0,0.0,0.0,-1.4896919986652606,0.09851332753896713,0.05883311852812767,0.0,0.0,0.0,-1.4912196151911818,1.4978033294956328,1.944320795710432,"(0.0, 0.0, 0.0, 0.0, 0.0, 0.0)",-0.3191156567518843,0.0013743630046316876,-0.03664968012351168,"(0.0, 0.0, 0.0, 0.0, 0.0, 0.0)",-0.02332793318784059,-1.4977942539354006,-1.9445651097990244,"(0.0, 0.0, 0.0, 0.0, 0.0, 0.0)",0.31915559930694093,-0.00137487161094897,0.03666324295863919,"(0.0, 0.0, 0.0, 0.0, 0.0, 0.0)",0.02333074476762375,,,,,,,,
6,Open,,,,,,,-0.026750000193715096,0.05299999937415123,0.0,0.0,-0.0,1.5228191710342938,-0.09866715222597122,0.05645303055644035,0.0,0.0,-0.0,1.523720862072974,0.026750000193715096,0.05299999937415123,0.0,0.0,0.0,-1.5228134366681847,0.09866712987422943,0.05645345523953438,0.0,0.0,0.0,-1.5237153864848207,1.5275793580568398,1.142441491226993,"(0.0, 0.0, 0.0, 0.0, 0.0, 0.0)",-0.1875684235545275,0.0008115476106049652,-0.021641269616132414,"(0.0, 0.0, 0.0, 0.0, 0.0, 0.0)",-0.01372604322869241,-1.527574024456994,-1.1425850754234725,"(0.0, 0.0, 0.0, 0.0, 0.0, 0.0)",0.18759191333511144,-0.0008118479375492575,0.021649278334646888,"(0.0, 0.0, 0.0, 0.0, 0.0, 0.0)",0.013727700066628237,,,,,,,,
7,Close,-1.8213889441141398e-12,0.16001454874197946,0.010828551348521245,-0.00046287361524086854,-5.794822739031051e-11,-7.337959187673562e-15,-0.026750000193715096,0.05299999937415123,0.0,0.0,-0.0,1.2893384579261824,-0.09591691195964813,0.07299846410751343,0.0,0.0,-0.0,1.0459985223050663,0.026750000193715096,0.05299999937415123,0.0,0.0,0.0,-1.2893349769338789,0.09591684490442276,0.07299870252609253,0.0,0.0,0.0,-1.0459952101310541,1.2192621320929473,-16.818331410826993,"(0.0, 0.0, 0.0, 0.0, 0.0, 0.0)",2.9043641361742303,-0.3090059544796977,-15.759841213874733,"(0.0, 0.0, 0.0, 0.0, 0.0, 0.0)",0.37257993909132237,-1.219258993510956,16.81824701407704,"(0.0, 0.0, 0.0, 0.0, 0.0, 0.0)",-2.904350583756822,0.30900577414124053,15.759846022900252,"(0.0, 0.0, 0.0, 0.0, 0.0, 0.0)",-0.3725790815720578,,,,,,,,
8,Close,-2.4185626566556435e-12,0.16001195974881022,0.017852074029266845,-0.00033325906052880113,-7.397927472155015e-11,-1.0413335693785441e-11,-0.026750000193715096,0.05299999937415123,0.0,0.0,-0.0,1.0047670310861245,-0.08752065896987915,0.09161251783370972,0.0,0.0,-0.0,0.4917616978362355,0.026750000193715096,0.05299999937415123,0.0,0.0,0.0,-1.0047648479653633,0.08752058446407318,0.09161264449357986,0.0,0.0,0.0,-0.49175970288101784,0.9635947937149378,-9.881293649659469,"(0.0, 0.0, 0.0, 0.0, 0.0, 0.0)",1.7388647967399524,-0.5517046533845501,-9.28787590974533,"(0.0, 0.0, 0.0, 0.0, 0.0, 0.0)",0.22676138335199125,-0.963592945268249,9.881243921517886,"(0.0, 0.0, 0.0, 0.0, 0.0, 0.0)",-1.73885674932275,0.551704545318445,9.287878791508133,"(0.0, 0.0, 0.0, 0.0, 0.0, 0.0)",-0.22676084989589002,,,,,,,,
9,Close,-3.3338818935924564e-12,0.16000850673676864,0.02248044092004115,-0.00022346847222235797,-1.0248160998129262e-10,-1.0815665823160981e-11,-0.026750000193715096,0.05299999937415123,0.0,0.0,-0.0,0.8367183333687704,-0.08020630478858948,0.10123301297426224,0.0,0.0,-0.0,0.16523490721238698,0.026750000193715096,0.05299999937415123,0.0,0.0,0.0,-0.8367171592934525,0.0802062526345253,0.10123307257890701,0.0,0.0,0.0,-0.16523376874930354,0.8126315081524509,-5.780834122584115,"(0.0, 0.0, 0.0, 0.0, 0.0, 0.0)",1.0216682118927956,-0.694335080777043,-5.484397845945523,"(0.0, 0.0, 0.0, 0.0, 0.0, 0.0)",0.13532442549534365,-0.8126304215793787,5.780804882641135,"(0.0, 0.0, 0.0, 0.0, 0.0, 0.0)",-1.0216634570773744,0.6943350169650887,5.484399547597635,"(0.0, 0.0, 0.0, 0.0, 0.0, 0.0)",-0.1353241018470503,,,,,,,,
10,Close,-4.756237424302428e-12,0.16000633612124995,0.02553107798550913,-0.0001544426077524551,-1.4768478333153182e-10,-1.0841249699388454e-11,-0.026750000193715096,0.05299999937415123,0.0,0.0,-0.0,0.7384158093879404,-0.0752144381403923,0.10624658316373825,0.0,0.0,0.0,-0.026647482630946993,0.026750000193715096,0.05299999937415123,0.0,0.0,0.0,-0.7384150993108747,0.07521440088748932,0.10624661296606064,0.0,0.0,-0.0,0.0266481512611544,0.7243281679134038,-3.381022723431993,"(0.0, 0.0, 0.0, 0.0, 0.0, 0.0)",0.5991963895787833,-0.7785569218480362,-3.238482084052369,"(0.0, 0.0, 0.0, 0.0, 0.0, 0.0)",0.08022683176747399,-0.724327529259068,3.38100553427044,"(0.0, 0.0, 0.0, 0.0, 0.0, 0.0)",-0.5991935865780345,0.7785568841677152,3.238483088860928,"(0.0, 0.0, 0.0, 0.0, 0.0, 0.0)",-0.08022663808889016,,,,,,,,
11,Close,-5.9013823821360114e-12,0.1600051062119302,0.027541913128765336,-0.00011532791709327964,-1.8412603069616307e-10,-1.0834943567922288e-11,-0.026750000193715096,0.05299999937415123,0.0,0.0,-0.0,0.6809258046827094,-0.07207491248846054,0.10894329845905304,0.0,0.0,0.0,-0.1393953902006137,0.026750000193715096,0.05299999937415123,0.0,0.0,0.0,-0.6809253715924767,0.07207489013671875,0.10894331336021423,0.0,0.0,-0.0,0.13939579155515333,0.6726879242228981,-1.9770920964296763,"(0.0, 0.0, 0.0, 0.0, 0.0, 0.0)",0.3510667013896806,-0.8282890767820469,-1.912291285812084,"(0.0, 0.0, 0.0, 0.0, 0.0, 0.0)",0.04738342111044159,-0.6726875488641428,1.9770819928159196,"(0.0, 0.0, 0.0, 0.0, 0.0, 0.0)",-0.3510650511390458,0.8282890545321941,1.912291879141491,"(0.0, 0.0, 0.0, 0.0, 0.0, 0.0)",-0.047383306102458174,,,,,,,,
12,Close,-6.03970289105181e-12,0.16000443815418697,0.02886736854020541,-9.408070119531676e-05,-1.8854687578900374e-10,-1.0827611178155505e-11,-0.026750000193715096,0.05299999937415123,0.0,0.0,-0.0,0.6473095928658926,-0.07016905397176743,0.11043506115674973,0.0,0.0,0.0,-0.2056409550352213,0.026750000193715096,0.05299999937415123,0.0,0.0,0.0,-0.6473093289135643,0.07016903907060623,0.11043506860733032,0.0,0.0,-0.0,0.20564116254968767,0.6424929440851186,-1.155980032922517,"(0.0, 0.0, 0.0, 0.0, 0.0, 0.0)",0.20556316304401323,-0.8576554169490309,-1.1291888813591768,"(0.0, 0.0, 0.0, 0.0, 0.0, 0.0)",0.027924254287605633,-0.6424927234817838,1.155974094569056,"(0.0, 0.0, 0.0, 0.0, 0.0, 0.0)",-0.20556219220418104,0.8576554038107153,1.1291892317142604,"(0.0, 0.0, 0.0, 0.0, 0.0, 0.0)",-0.027924186298176158,,,,,,,,
13,Close,-5.458466703241019e-12,0.16000408679818567,0.02974104741200441,-8.290571861137481e-05,-1.6980997303044858e-10,-1.0873699351406385e-11,-0.026750000193715096,0.05299999937415123,0.0,0.0,-0.0,0.6276551916032123,-0.06903189420700073,0.11127728223800659,0.0,0.0,0.0,-0.24456250172545424,0.026750000193715096,0.05299999937415123,0.0,0.0,0.0,-0.6276550782162392,0.06903188675642014,0.11127728968858719,0.0,0.0,-0.0,0.2445626348345024,0.6248393116865326,-0.6758215992510479,"(0.0, 0.0, 0.0, 0.0, 0.0, 0.0)",0.12032010291826827,-0.8749959471542333,-0.6667747425537788,"(0.0, 0.0, 0.0, 0.0, 0.0, 0.0)",0.01643543007918317,-0.6248391820375996,0.6758181091630631,"(0.0, 0.0, 0.0, 0.0, 0.0, 0.0)",-0.12031953202770804,0.8749959393961892,0.6667749494349549,"(0.0, 0.0, 0.0, 0.0, 0.0, 0.0)",-0.016435389989435705,,,,,,,,
14,Move,-0.0006287918120668672,0.16326386035769108,0.030010010075310366,0.0021986045251673634,0.001835370988880286,0.0013677521009837948,-0.026750000193715096,0.05299999937415123,0.0,0.0,-0.0,0.5689645039853657,-0.06554071605205536,0.11365707218647003,0.0,0.0,0.0,-0.24184999755640577,0.026750000193715096,0.05299999937415123,0.0,0.0,0.0,-0.5689569557174315,0.06554026156663895,0.11365736275911331,0.0,0.0,-0.0,0.23986046847900283,0.5548212703196277,-3.3943803582466856,"(0.0, 0.0, 0.0, 0.0, 0.0, 0.0)",-65.13373877605368,-0.7882327738371468,5.4196160947533984,"(0.0, 0.0, 0.0, 0.0, 0.0, 0.0)",-35.28731546361928,-0.5549050742811549,3.372448440662585,"(0.0, 0.0, 0.0, 0.0, 0.0, 0.0)",66.7447944539403,0.7871648932427612,-5.196604111670621,"(0.0, 0.0, 0.0, 0.0, 0.0, 0.0)",34.36874895380364,"(-0.030445191391659167, 0.18507200684738076, -1.7720222111383047e-06)","(0.9999954537329815, 0.002439764466441339, -0.0017720222111372958)",-0.0014906116101104706,496.6993818979343,"(0.03058687551392568, 0.18513511361707075, 1.7720222111401225e-06)","(-0.9999954537329814, -0.00243976446646009, 0.0017720222111390722)",-0.00035145145853721256,506.9308436129831
15,Move,-0.0006175479850452613,0.16617872074595158,0.03016895888950354,0.00041527696940124375,-0.00020248874550061468,0.0004082375539765138,-0.026750000193715096,0.05299999937415123,0.0,0.0,-0.0,0.5471399884333316,-0.0642077773809433,0.11448914557695389,0.0,0.0,0.0,-0.22554244484596128,0.026750000193715096,0.05299999937415123,0.0,0.0,0.0,-0.5479365163350971,0.06425674259662628,0.11445929110050201,0.0,0.0,-0.0,0.22409738454540934,0.5484909063474663,0.32421326841390097,"(0.0, 0.0, 0.0, 0.0, 0.0, 0.0)",-0.36468894950625075,-0.7740018400027932,-0.3166472586438691,"(0.0, 0.0, 0.0, 0.0, 0.0, 0.0)",-0.19074543663793372,-0.5495002454826297,-0.3752948399820238,"(0.0, 0.0, 0.0, 0.0, 0.0, 0.0)",0.05670652591079077,0.7735469973932894,0.3631438893178117,"(0.0, 0.0, 0.0, 0.0, 0.0, 0.0)",0.00014762055005611643,"(-0.03028128822601022, 0.18644791698476398, 1.6896822544101036e-06)","(0.9999985483406507, -0.00021975092813231726, 0.0016896822544101096)",-0.0018373280067773574,2.3727261520630996,"(0.030434273083184048, 0.18646600808316963, -1.6896822543865893e-06)","(-0.9999985483406507, 0.00021975092810932472, -0.001689682254385342)",-0.0003212086996170389,0.0
16,Move,-4.9038940481952306e-05,0.16671412683491027,0.03052890951242472,-0.0023769846837492247,0.007627849428183324,0.002270813626179664,-0.026750000193715096,0.05299999937415123,0.0,0.0,-0.0,0.5512289728900902,-0.06445889174938202,0.11433546990156174,0.0,0.0,0.0,-0.22357243794614418,0.026750000193715096,0.05299999937415123,0.0,0.0,0.0,-0.5531200377740969,0.06457481533288956,0.11426404863595963,0.0,0.0,-0.0,0.22127514807255189,0.5516587135527511,0.10313061200808446,"(0.0, 0.0, 0.0, 0.0, 0.0, 0.0)",-0.06488543414494224,-0.7745912560187214,0.05044472474814539,"(0.0, 0.0, 0.0, 0.0, 0.0, 0.0)",-0.029638687536326494,-0.5537062137440957,-0.14066891384112948,"(0.0, 0.0, 0.0, 0.0, 0.0, 0.0)",0.02170411410568193,0.7743104067821254,-0.02035758370229424,"(0.0, 0.0, 0.0, 0.0, 0.0, 0.0)",0.0014687196634357777,"(-0.030678858345461482, 0.18634229547522396, 0.00021928436703932044)","(0.9997447769401848, 0.0023634964987829066, 0.02246764039948056)",-0.00109581373356105,0.4463659740292599,"(0.030955732814440876, 0.186360606228615, 8.319846916677867e-06)","(-0.9999627802190598, -0.0022843650871808173, 0.008319846916678352)",-0.00014413771527706974,0.0
17,Move,-0.00012807851708736932,0.16668957991483457,0.030835258819036006,-0.0015831442775453418,0.004959173886478605,0.00220513679769443,-0.026750000193715096,0.05299999937415123,0.0,0.0,-0.0,0.5542183196769557,-0.06464207172393799,0.1142224669456482,0.0,0.0,0.0,-0.22017076798834684,0.026750000193715096,0.05299999937415123,0.0,0.0,0.0,-0.556679971370021,0.06479266285896301,0.11412900686264038,0.0,0.0,-0.0,0.21757480925221834,0.5548053329876209,0.1408860300641625,"(0.0, 0.0, 0.0, 0.0, 0.0, 0.0)",-0.02288706494968693,-0.7744092893454184,-0.0048524446214104336,"(0.0, 0.0, 0.0, 0.0, 0.0, 0.0)",-0.0016523617788653364,-0.5573384840084159,-0.1580506599312077,"(0.0, 0.0, 0.0, 0.0, 0.0, 0.0)",0.025725208223591527,0.7742602900464686,0.0013364462841805036,"(0.0, 0.0, 0.0, 0.0, 0.0, 0.0)",0.0019034905128687773,"(-0.031112657241400804, 0.18631569963480543, 0.00046997876014424347)","(0.9997527022560463, 0.0022496562827603243, 0.022124045252688684)",-0.0006458135687591227,0.0,"(0.03144195465012378, 0.18633982639987828, 0.00013473328607389653)","(-0.9999408261050687, -0.0021936929202226083, 0.0106551395901006)",0.0003273774169579575,0.0
18,Move,-0.00018333709825753828,0.16667229342194229,0.031037268133355448,-0.0010471989028900974,0.003204687612153981,0.002213957650843615,-0.026750000193715096,0.05299999937415123,0.0,0.0,-0.0,0.5574800288583568,-0.06484156101942062,0.11409854888916016,0.0,0.0,0.0,-0.21694250721398162,0.026750000193715096,0.05299999937415123,0.0,0.0,0.0,-0.5603719589669164,0.06501809507608414,0.11398813873529434,0.0,0.0,-0.0,0.21389196695259327,0.5580574620061332,0.13858204797166504,"(0.0, 0.0, 0.0, 0.0, 0.0, 0.0)",-0.02257466925427728,-0.7744212281788538,0.00031836889160974374,"(0.0, 0.0, 0.0, 0.0, 0.0, 0.0)",-0.0016871754040123754,-0.561028599581648,-0.15759086169469969,"(0.0, 0.0, 0.0, 0.0, 0.0, 0.0)",0.025667630222328146,0.774263578205495,-8.768424070293435e-05,"(0.0, 0.0, 0.0, 0.0, 0.0, 0.0)",0.001915200119194544,"(-0.03154196108034593, 0.1863095352421099, 0.0006421258600487901)","(0.9999387657782588, 0.002228633908720685, 0.01083964412484265)",-0.00021898027699475859,0.0,"(0.03193655509310604, 0.18630375592368836, 0.00041862162260816244)","(-0.9999427037645869, -0.002204403113658241, 0.010475199037731999)",0.0008238462385736859,0.0
19,Move,-0.0002196263021995112,0.16666082462898962,0.031170343957696012,-0.000694682485621615,0.002049072311556748,0.0022202825458575515,-0.026750000193715096,0.05299999937415123,0.0,0.0,-0.0,0.5607382198131232,-0.06504043191671371,0.11397411674261093,0.0,0.0,0.0,-0.21368209108819133,0.026750000193715096,0.05299999937415123,0.0,0.0,0.0,-0.5640765682754182,0.06524376571178436,0.11384595185518265,0.0,0.0,-0.0,0.21018677686894247,0.5613196405085754,0.13953271332535536,"(0.0, 0.0, 0.0, 0.0, 0.0, 0.0)",-0.022725372763555317,-0.7744204448719921,-2.0888182977962792e-05,"(0.0, 0.0, 0.0, 0.0, 0.0, 0.0)",-0.0016946000467735563,-0.5647375420799958,-0.1586364576636174,"(0.0, 0.0, 0.0, 0.0, 0.0, 0.0)",0.025836778709870126,0.7742633624693813,5.752963031291341e-06,"(0.0, 0.0, 0.0, 0.0, 0.0, 0.0)",0.001926761855688708,"(-0.0319775889678485, 0.1862846901766528, 0.0007514969858675168)","(0.9999404732261623, 0.0022287506287338925, 0.010680949156014044)",0.00021526564902596467,0.0,"(0.032432328683867986, 0.1862708782547564, 0.0006041469315883724)","(-0.999944565355247, -0.002212946780803666, 0.010294128571741949)",0.0013208077618900365,0.0
20,Move,-0.00024345784523138687,0.16665318084633243,0.031258023102777366,-0.0004628164219386511,0.0012879281335410804,0.0022254947982102142,-0.026750000193715096,0.05299999937415123,0.0,0.0,-0.0,0.5667259061120763,-0.06540483236312866,0.11374375224113464,0.0,0.0,0.0,-0.20769460310478338,0.026750000193715096,0.05299999937415123,0.0,0.0,0.0,-0.5643640350066563,0.06526125967502594,0.11383488029241562,0.0,0.0,-0.0,0.20989935371210516,0.5680396389429927,0.3152934917048045,"(0.0, 0.0, 0.0, 0.0, 0.0, 0.0)",-0.0513481386866113,-0.7744204962647553,1.3704736838704367e-06,"(0.0, 0.0, 0.0, 0.0, 0.0, 0.0)",-0.003828524307001652,-0.5641034052086574,0.06254949461111434,"(0.0, 0.0, 0.0, 0.0, 0.0, 0.0)",-0.01018771275895861,0.7742633766238277,-3.774519043986355e-07,"(0.0, 0.0, 0.0, 0.0, 0.0, 0.0)",-0.0007598701651200783,"(-0.032776202516342834, 0.18624172056043853, 0.0008186264467588955)","(0.9999435426392873, 0.0022303068026069944, 0.010389286094715473)",0.0010131229057426677,0.0,"(0.03247193626436787, 0.1862628475038436, 0.0007291428375638799)","(-0.999944697600455, -0.00221993843464117, 0.010279767219209446)",0.001361195578919053,0.0
21,Move,-0.00025910018927104915,0.16664805230718344,0.031315797998644965,-0.00031030827411849556,0.0007866065746254262,0.002230205225763413,-0.026750000193715096,0.05299999937415123,0.0,0.0,-0.0,0.5748765282042205,-0.06589864194393158,0.11342667788267136,0.0,0.0,0.0,-0.19954399629956032,0.026750000193715096,0.05299999937415123,0.0,0.0,0.0,-0.5621661347297133,0.06512745469808578,0.11391938477754593,0.0,0.0,-0.0,0.2120973140189527,0.5763977126110912,0.3650906651343864,"(0.0, 0.0, 0.0, 0.0, 0.0, 0.0)",-0.05945682356059806,-0.7744204928928761,-8.991677802328352e-08,"(0.0, 0.0, 0.0, 0.0, 0.0, 0.0)",-0.004432767916384567,-0.5617079606764714,0.1099455452255897,"(0.0, 0.0, 0.0, 0.0, 0.0, 0.0)",-0.017906988973198208,0.7742633756951545,2.4764619688254336e-08,"(0.0, 0.0, 0.0, 0.0, 0.0, 0.0)",-0.0013355426270740928,,,,,,,,
22,Move,-0.0005898912001126393,0.16912662330693368,0.031817782401475106,0.0014461309075734965,0.016602389820445592,0.013074744175332345,-0.026750000193715096,0.05299999937415123,0.0,0.0,-0.0,0.5231171444380612,-0.06271996349096298,0.11537116020917892,0.0,0.0,0.0,-0.1942980444025731,0.026750000193715096,0.05299999937415123,0.0,0.0,0.0,-0.5078315039201479,0.06176241859793663,0.11591367423534393,0.0,0.0,-0.0,0.2125611254047816,0.5090052360671078,-3.3868550042907835,"(0.0, 0.0, 0.0, 0.0, 0.0, 0.0)",-65.7773062891184,-0.6935989031988543,5.715906651439228,"(0.0, 0.0, 0.0, 0.0, 0.0, 0.0)",-35.82083457359815,-0.4940261497797338,3.3132981677943607,"(0.0, 0.0, 0.0, 0.0, 0.0, 0.0)",65.773680587056,0.6969724637274386,-5.62085121965891,"(0.0, 0.0, 0.0, 0.0, 0.0, 0.0)",35.51973369803791,"(-0.031088704714412337, 0.18817919336388578, 0.0019290469881916353)","(0.999707224563015, 0.012674507063411486, 0.02061121120199219)",-0.0019738104227106992,490.25891296559297,"(0.028795585216259932, 0.18817654190294394, 0.0021615061050772565)","(-0.9997778115634723, -0.012945788559956773, 0.01663532578325198)",-0.0010337823175096573,490.0642598679959
23,Move,-0.0007847734880291827,0.17161367248784762,0.03160248471832885,-0.0014509278373942562,0.012763164558387,0.010568266627820327,-0.026750000193715096,0.05299999937415123,0.0,0.0,-0.0,0.5065999868033345,-0.06168491020798683,0.11595674604177475,0.0,0.0,0.0,-0.17136550801343733,0.026750000193715096,0.05299999937415123,0.0,0.0,0.0,-0.4857702730118126,0.06036605313420296,0.11667072027921677,0.0,0.0,-0.0,0.1947658231789927,0.5093694707485659,0.6646803627227564,"(0.0, 0.0, 0.0, 0.0, 0.0, 0.0)",-0.10367776748726515,-0.6795288036204639,-0.37520265542374526,"(0.0, 0.0, 0.0, 0.0, 0.0, 0.0)",-0.0035150232738203183,-0.4868814027421996,-0.26668333656623244,"(0.0, 0.0, 0.0, 0.0, 0.0, 0.0)",0.580612342733048,0.6819725417911655,0.34475935210468944,"(0.0, 0.0, 0.0, 0.0, 0.0, 0.0)",0.3218672218093741,"(-0.03171842262923453, 0.18951910485874762, 0.0017687382600010606)","(0.9998815184285513, 0.012407340550272877, 0.00911081804692812)",-0.0010125274532037415,0.0,"(0.02869038015632242, 0.18949156080298324, 0.0021618876079210264)","(-0.9997787410064548, -0.012365135463322985, 0.017016828627022362)",-0.0014730709609273916,3.992652468073744
24,Move,-0.002689491479175396,0.17233359864206918,0.031100785582732667,-0.004542287760219347,-0.01694291367475396,0.005066131890638216,-0.026750000193715096,0.05299999937415123,0.0,0.0,-0.0,0.5213581704354586,-0.0626102015376091,0.11543433368206024,0.0,0.0,0.0,-0.1591963456941767,0.026750000193715096,0.05299999937415123,0.0,0.0,0.0,-0.48490090064239527,0.060310691595077515,0.11669991910457611,0.0,0.0,-0.0,0.19733288232227444,0.5239127862841084,0.6131088027249557,"(0.0, 0.0, 0.0, 0.0, 0.0, 0.0)",-0.10008343196406061,-0.6804519428527873,0.02461704619529126,"(0.0, 0.0, 0.0, 0.0, 0.0, 0.0)",-0.007735102430904676,-0.4840798686102552,0.19705169601592049,"(0.0, 0.0, 0.0, 0.0, 0.0, 0.0)",-0.01703482329285086,0.6822076979145665,-0.006270829957358615,"(0.0, 0.0, 0.0, 0.0, 0.0, 0.0)",0.006627110917776864,"(-0.03354393743043771, 0.18931788980177938, 0.0021604060811404595)","(0.9998640471095943, 0.005526454031489776, 0.015535301846454743)",5.082126648085874e-05,0.0,"(0.028448092559027117, 0.18944132825579496, 0.0021576335973387643)","(-0.999862712859239, -0.0105672091547032, 0.012762818044761585)",-0.0009371476987981307,0.0
25,Move,-0.003505000477358947,0.17243804210340183,0.03102535761106438,-0.0030049988442846023,-0.004856887164797952,0.006452293467152176,-0.026750000193715096,0.05299999937415123,0.0,0.0,-0.0,0.5378634736806924,-0.06363576650619507,0.11483397334814072,0.0,0.0,0.0,-0.14252002320593707,0.026750000193715096,0.05299999937415123,0.0,0.0,0.0,-0.47915897525434253,0.05994437634944916,0.11689157783985138,0.0,0.0,-0.0,0.2025861435603066,0.5409979690018676,0.752265293574638,"(0.0, 0.0, 0.0, 0.0, 0.0, 0.0)",-0.12247139670183074,-0.6803904078212013,-0.0016409341756276061,"(0.0, 0.0, 0.0, 0.0, 0.0, 0.0)",-0.009107223339520059,-0.47801614974299084,0.27427253787467737,"(0.0, 0.0, 0.0, 0.0, 0.0, 0.0)",-0.04476144883072919,0.6817913574007913,0.011102413700669446,"(0.0, 0.0, 0.0, 0.0, 0.0, 0.0)",-0.0034623030632414233,"(-0.03580529883577113, 0.18917569327846986, 0.0021550157352398544)","(0.9999308767374397, 0.005943199134455963, 0.010144955945850156)",0.001131663307482387,0.0,"(0.027700092180594278, 0.1894645967348075, 0.0021576335973387643)","(-0.999862712859239, -0.0105672091547032, 0.012762818044761585)",-0.0005010629602477157,0.0
26,Move,-0.004629825970613356,0.1721029940110207,0.030710214836510298,0.005173124141879137,0.0015530226113422377,0.01670125782997013,-0.026750000193715096,0.05299999937415123,0.0,0.0,-0.0,0.5579864643219394,-0.06487249583005905,0.11407925188541412,0.0,0.0,0.0,-0.12239152375034426,0.026750000193715096,0.05299999937415123,0.0,0.0,0.0,-0.47005126203700387,0.05936110019683838,0.11719124764204025,0.0,0.0,-0.0,0.21127513894393207,0.5617975491695508,0.9146724215450481,"(0.0, 0.0, 0.0, 0.0, 0.0, 0.0)",-0.14891523942434096,-0.6803791758914098,-0.0002995181277716175,"(0.0, 0.0, 0.0, 0.0, 0.0, 0.0)",-0.01109002321267021,-0.4681751446902649,0.45026352938840725,"(0.0, 0.0, 0.0, 0.0, 0.0, 0.0)",0.5598893735018572,0.6811397005762446,-0.04479434765996583,"(0.0, 0.0, 0.0, 0.0, 0.0, 0.0)",0.32976429200152974,,,,,,,,
27,Move,-0.005970892286068804,0.17401240564608522,0.030736342920729638,0.0031629172659794506,0.01854503213334759,0.042841705788083544,-0.026750000193715096,0.05299999937415123,0.0,0.0,-0.0,0.5119376023425105,-0.062020447105169296,0.1157693862915039,0.0,0.0,0.0,-0.11162271891134372,0.026750000193715096,0.05299999937415123,0.0,0.0,0.0,-0.4153116639956315,0.05580020695924759,0.11887932568788528,0.0,0.0,-0.0,0.21299320229627114,0.4981650370234011,-3.3054028576151255,"(0.0, 0.0, 0.0, 0.0, 0.0, 0.0)",-65.52796417656972,-0.5996615528452057,5.735693551159358,"(0.0, 0.0, 0.0, 0.0, 0.0, 0.0)",-35.95002815590877,-0.4021223713813793,3.165418991536784,"(0.0, 0.0, 0.0, 0.0, 0.0, 0.0)",65.75999663544198,0.605179583119844,-5.550051990334607,"(0.0, 0.0, 0.0, 0.0, 0.0, 0.0)",34.918841713976605,"(-0.03649331272699577, 0.19100217636877714, 0.0009328958415443876)","(0.9990368304281189, 0.04320059435532927, 0.00768895932388746)",-0.0025092378711687006,477.7032980831686,"(0.022782195009476446, 0.19121455507686635, 0.000260959899440746)","(-0.9997420565841194, -0.020578728272982513, 0.009609174762810993)",-0.0011232679480418315,474.32164990615433
28,Move,-0.007678374191429904,0.17562916965445896,0.0311835742501433,-0.0023037607510356666,0.028756262946237687,0.036097703673702734,-0.026750000193715096,0.05299999937415123,0.0,0.0,-0.0,0.5072020241275467,-0.061722807586193085,0.11593570560216904,0.0,0.0,0.0,-0.07647755235728719,0.026750000193715096,0.05299999937415123,0.0,0.0,0.0,-0.38434403392571065,0.053746480494737625,0.11974721401929855,0.0,0.0,-0.0,0.2052293172045095,0.512958737882213,1.381609193442029,"(0.0, 0.0, 0.0, 0.0, 0.0, 0.0)",-0.22034394209078403,-0.5852777850803177,-0.3835671403970151,"(0.0, 0.0, 0.0, 0.0, 0.0, 0.0)",-0.012186582579536627,-0.3827321520291453,0.386848219356518,"(0.0, 0.0, 0.0, 0.0, 0.0, 0.0)",1.8122279913746488,0.5909361311215411,0.32707842533535375,"(0.0, 0.0, 0.0, 0.0, 0.0, 0.0)",1.0435527334492345,"(-0.03885518278455273, 0.19194590681884233, 0.0016026231270293194)","(0.9992395576659475, 0.0385686980993674, 0.00572380314838154)",-0.0012974102323289507,0.0,"(0.02129106109253212, 0.19233660579877712, 0.000260959899440746)","(-0.9997420565841194, -0.020578728272982513, 0.009609174762810993)",-0.0014182520867417852,13.312258360925753
29,Move,-0.011288677229641246,0.17595041118580163,0.03036989870213467,-0.0009424988100924416,-0.005225419399425564,0.029376634999992785,-0.026750000193715096,0.05299999937415123,0.0,0.0,-0.0,0.5354830053260852,-0.06348846852779388,0.11492159962654114,0.0,0.0,0.0,-0.05084329792762421,0.026750000193715096,0.05299999937415123,0.0,0.0,0.0,-0.3707926217670793,0.05283951014280319,0.12010691314935684,0.0,0.0,-0.0,0.22027400044650466,0.5401484756294704,1.1196983787271957,"(0.0, 0.0, 0.0, 0.0, 0.0, 0.0)",-0.18251178880131258,-0.5862185660140958,0.025870976707676602,"(0.0, 0.0, 0.0, 0.0, 0.0, 0.0)",-0.01380237317864956,-0.367975752243142,0.6760493891317284,"(0.0, 0.0, 0.0, 0.0, 0.0, 0.0)",-0.018751067473950736,0.5905136159711071,-0.13271944438618744,"(0.0, 0.0, 0.0, 0.0, 0.0, 0.0)",0.04194557823733428,"(-0.042576347241451595, 0.19143062592024884, 0.00047617177381994633)","(0.9995760138085229, 0.02911687858723463, -8.78660152644395e-15)",-2.5717371208859022e-05,0.0,"(0.01931660853775495, 0.1921015245660685, 0.002160664032545359)","(-0.9994352012689142, -0.029662292836251387, 0.015793253251354143)",-0.0009729236664833673,0.3490840687745359
30,Move,-0.014000302097369716,0.17578320375487116,0.030400883488349875,-0.002343543691420379,-0.005616019041854404,0.03744508975757855,-0.026750000193715096,0.05299999937415123,0.0,0.0,-0.0,0.5625995573041145,-0.06515385210514069,0.1139027401804924,0.0,0.0,0.0,-0.023546828841973094,0.026750000193715096,0.05299999937415123,0.0,0.0,0.0,-0.354390530071621,0.05173535645008087,0.1205257847905159,0.0,0.0,-0.0,0.2359553307598855,0.567509463729168,1.178378706505969,"(0.0, 0.0, 0.0, 0.0, 0.0, 0.0)",-0.1918302203833431,-0.5861505555821167,-0.0010028942930299946,"(0.0, 0.0, 0.0, 0.0, 0.0, 0.0)",-0.014282110950551303,-0.351413238020466,0.7145518688187273,"(0.0, 0.0, 0.0, 0.0, 0.0, 0.0)",-0.11640786207423102,0.5903645217991983,0.004471473982418927,"(0.0, 0.0, 0.0, 0.0, 0.0, 0.0)",-0.00873132311071887,"(-0.046337688995950005, 0.19095402028248598, 0.00047617177381994633)","(0.9995760138085229, 0.02911687858723463, -8.78660152644395e-15)",0.0011020792368196153,0.0,"(0.01708764930600702, 0.19198588613923734, 0.002160664032545359)","(-0.9994352012689142, -0.029662292836251387, 0.015793253251354143)",-0.0005246922202305543,0.0
31,Move,-0.016323222909967128,0.17542671942459392,0.0302972456863203,-0.0006662707273458722,-0.002442497964127727,0.048558782614485055,-0.026750000193715096,0.05299999937415123,0.0,0.0,-0.0,0.5900073874612211,-0.06680843234062195,0.11282743513584137,0.0,0.0,-0.0,0.003851862654022698,0.026750000193715096,0.05299999937415123,0.0,0.0,0.0,-0.33740392638963296,0.05058477073907852,0.1209404394030571,0.0,0.0,-0.0,0.2525888715684302,0.594873632624973,1.1679015102450714,"(0.0, 0.0, 0.0, 0.0, 0.0, 0.0)",-0.18895716693591116,-0.586155017746559,0.00011899105179313802,"(0.0, 0.0, 0.0, 0.0, 0.0, 0.0)",-0.014072288834613412,-0.33440423826872023,0.7199201602665728,"(0.0, 0.0, 0.0, 0.0, 0.0, 0.0)",-0.07297767027010406,0.5896484712498954,-0.0826298582819499,"(0.0, 0.0, 0.0, 0.0, 0.0, 0.0)",0.02099099722899348,,,,,,,,
32,Move,-0.018344909156359845,0.17701922518833427,0.03084175987622212,5.646701852467901e-05,0.016379254617580788,0.06569408056936814,-0.026750000193715096,0.05299999937415123,0.0,0.0,-0.0,0.5492740013106144,-0.06433890759944916,0.11440907418727875,0.0,0.0,-0.0,0.019180820362209573,0.026750000193715096,0.05299999937415123,0.0,0.0,0.0,-0.2819131077686496,0.046779949218034744,0.12215779721736908,0.0,0.0,-0.0,0.2584669115377691,0.5363525140826452,-3.1011483179642063,"(0.0, 0.0, 0.0, 0.0, 0.0, 0.0)",-63.269321446810885,-0.5060959368671162,5.75933029878936,"(0.0, 0.0, 0.0, 0.0, 0.0, 0.0)",-35.50145708259714,-0.26911965481745426,3.0704261231816,"(0.0, 0.0, 0.0, 0.0, 0.0, 0.0)",62.58937425143892,0.5190877610339943,-5.110141918821831,"(0.0, 0.0, 0.0, 0.0, 0.0, 0.0)",31.737447378808262,"(-0.04882962503766599, 0.19222312180991, 0.0009078571702396)","(0.9977790657668373, 0.0665683578282673, 0.0023642448065189525)",-0.002661686035065378,456.1439861412422,"(0.010532208325504978, 0.19282388009618112, 0.002161031597149799)","(-0.9976467286900633, -0.06663206960801057, 0.016160817855792865)",-0.0009706829572700068,447.3126646567137
33,Move,-0.020442165170594443,0.17860361208817166,0.031561405465435934,-0.0006327660966621104,0.032009903007517264,0.05521149484716936,-0.026750000193715096,0.05299999937415123,0.0,0.0,-0.0,0.5477035274693065,-0.0642424151301384,0.1144680306315422,0.0,0.0,-0.0,0.05729611741402884,0.026750000193715096,0.05299999937415123,0.0,0.0,0.0,-0.2490241787792143,0.044495001435279846,0.12277904152870178,0.0,0.0,-0.0,0.25515574601087015,0.5538874799244148,1.4841594716654594,"(0.0, 0.0, 0.0, 0.0, 0.0, 0.0)",-1.265244636790563,-0.49194730607594056,-0.36958511705097236,"(0.0, 0.0, 0.0, 0.0, 0.0, 0.0)",-0.32740906900181893,-0.246703637916822,0.5569288270449617,"(0.0, 0.0, 0.0, 0.0, 0.0, 0.0)",1.5956751863689849,0.505457896178432,0.306712782846752,"(0.0, 0.0, 0.0, 0.0, 0.0, 0.0)",0.9360528021166771,"(-0.05167996651555709, 0.19231959320704775, 0.0018709212420592223)","(0.9983696506985759, 0.05706403734310056, 0.001317651740402535)",-0.0014261080949196595,0.0,"(0.00848202427744893, 0.19355853240873966, 0.0021690841266255936)","(-0.9978376042713762, -0.06110506781732662, 0.02421334733158922)",-0.0013391846642700205,11.742084226984366
34,Move,-0.02392852205097485,0.1784143947088191,0.030703947196109492,-0.0004267264949856768,-0.0017793365258553042,0.07389488303356144,-0.026750000193715096,0.05299999937415123,0.0,0.0,-0.0,0.5771972975850511,-0.06603877991437912,0.11333566159009933,0.0,0.0,-0.0,0.08427560849389543,0.026750000193715096,0.05299999937415123,0.0,0.0,0.0,-0.23320911333923897,0.04338926449418068,0.12305094301700592,0.0,0.0,-0.0,0.2724619661009677,0.5819676224110121,1.1448659098218368,"(0.0, 0.0, 0.0, 0.0, 0.0, 0.0)",-0.18666282792014594,-0.49282429853460036,0.023386465564261563,"(0.0, 0.0, 0.0, 0.0, 0.0, 0.0)",-0.01416253060046234,-0.23014118174904186,0.736294714445724,"(0.0, 0.0, 0.0, 0.0, 0.0, 0.0)",0.47326685265593943,0.5054309903155675,-0.05760840587945384,"(0.0, 0.0, 0.0, 0.0, 0.0, 0.0)",0.31067584465922393,"(-0.05558104015973554, 0.1914977793208299, 0.0018709212420592223)","(0.9983696506985759, 0.05706403734310056, 0.001317651740402535)",-0.000317932641484251,0.0,"(0.006154411434045194, 0.19321619323809328, 0.002090439131045969)","(-0.9974705085785629, -0.07033504756624875, 0.010274512147857446)",-0.0008812199823585526,4.151038545618437
35,Move,-0.02649522616572717,0.17816558463010945,0.030478666300952813,-0.0021761741387197166,0.001724822734950692,0.09699144176275429,-0.026750000193715096,0.05299999937415123,0.0,0.0,-0.0,0.6036996061038458,-0.06762382388114929,0.11227335780858994,0.0,0.0,-0.0,0.11095454144085366,0.026750000193715096,0.05299999937415123,0.0,0.0,0.0,-0.2164062495665211,0.042209915816783905,0.12332063168287277,0.0,0.0,-0.0,0.2886157299749061,0.6083907010893406,1.1258712680064522,"(0.0, 0.0, 0.0, 0.0, 0.0, 0.0)",-0.26689716335038627,-0.4927558527424825,-0.0025979733630901603,"(0.0, 0.0, 0.0, 0.0, 0.0, 0.0)",-0.029533803437847617,-0.21344926335117806,0.7096733529244804,"(0.0, 0.0, 0.0, 0.0, 0.0, 0.0)",-0.11567668365611261,0.5050628839360852,0.00981617011952629,"(0.0, 0.0, 0.0, 0.0, 0.0, 0.0)",-0.008785422771806594,"(-0.05294145783714302, 0.134018931700677, 0.0009050167313797937)","(0.9975228474467654, 0.07034322157604912, 1.9189750018725207e-15)",-0.0005358928338009446,1.0272418989699545,"(0.003846535102254668, 0.19287526569102736, 0.002090439131045969)","(-0.9974705085785629, -0.07033504756624875, 0.010274512147857446)",-0.00037990357700437127,0.0
36,Move,-0.028840514878107498,0.17791066663311478,0.03054227796548259,0.000645216483483934,-0.004061726149577549,0.10700721754936637,-0.026750000193715096,0.05299999937415123,0.0,0.0,-0.0,0.6293085279229073,-0.06912818551063538,0.11120729148387909,0.0,0.0,-0.0,0.13658271665186358,0.026750000193715096,0.05299999937415123,0.0,0.0,0.0,-0.20009295292967408,0.04106074944138527,0.12356346100568771,0.0,0.0,-0.0,0.3040664763787671,0.6337948398976508,1.076693261572646,"(0.0, 0.0, 0.0, 0.0, 0.0, 0.0)",-0.18165302232985098,-0.49272891397080837,-0.0007183672446444689,"(0.0, 0.0, 0.0, 0.0, 0.0, 0.0)",-0.014464866410686273,-0.19718915263089754,0.6969099427913961,"(0.0, 0.0, 0.0, 0.0, 0.0, 0.0)",1.2520950122239367,0.504168233769669,0.0021168864807480647,"(0.0, 0.0, 0.0, 0.0, 0.0, 0.0)",0.712242051345156,"(-0.05500580612217715, 0.13330375581757567, 0.0001844598503742273)","(0.9945578695184963, 0.10418562366674865, -0.0)",-0.0002522438743150032,0.0,"(0.0016273204504564168, 0.1925170794615789, 0.002090439131045969)","(-0.9974705085785629, -0.07033504756624875, 0.010274512147857446)",-8.52034538690195e-05,5.612272168181248
37,Move,-0.030905941242538593,0.17776682092641222,0.030629546824336502,0.00011651608210114424,-0.0010567470078143122,0.11347986470438723,-0.026750000193715096,0.05299999937415123,0.0,0.0,-0.0,0.6536967423340354,-0.07053501158952713,0.11015656590461731,0.0,0.0,-0.0,0.16100844200698716,0.026750000193715096,0.05299999937415123,0.0,0.0,0.0,-0.18438946700615919,0.03995094075798988,0.12377948313951492,0.0,0.0,-0.0,0.31934432498760995,0.6579724824921569,1.0261961246122882,"(0.0, 0.0, 0.0, 0.0, 0.0, 0.0)",-0.27258343491214576,-0.49267529104773045,0.003109638906194492,"(0.0, 0.0, 0.0, 0.0, 0.0, 0.0)",-0.04530052039223181,-0.18164012186039022,0.6598455506057133,"(0.0, 0.0, 0.0, 0.0, 0.0, 0.0)",-0.10759203760837606,0.5037772272423142,0.010426840729461873,"(0.0, 0.0, 0.0, 0.0, 0.0, 0.0)",-0.008204684082511437,"(-0.05695650642596243, 0.13259135152247015, 0.0001844598503742273)","(0.9945578695184963, 0.10418562366674865, -0.0)",-6.0616193635564164e-05,1.4126693449081718,"(-0.0005586395257121263, 0.19220851086857552, 0.00038095620805442065)","(-0.9936516573023452, -0.11203267612523875, 0.010250044903321232)",-9.124888810748004e-05,0.0
38,Move,-0.03259245518832684,0.17755210319462272,0.030796572229794043,-0.0022285391754868367,0.0072046843316203235,0.12623343038600027,-0.026750000193715096,0.05299999937415123,0.0,0.0,-0.0,0.6769715304580861,-0.07185333967208862,0.10912208259105682,0.0,0.0,-0.0,0.18429436402377036,0.026750000193715096,0.05299999937415123,0.0,0.0,0.0,-0.16951174309043884,0.038896478712558746,0.12396804243326187,0.0,0.0,-0.0,0.3336091639810072,0.6810502703561547,0.978893172222536,"(0.0, 0.0, 0.0, 0.0, 0.0, 0.0)",-0.15937120658967613,-0.4926769772525783,4.4965463251450926e-05,"(0.0, 0.0, 0.0, 0.0, 0.0, 0.0)",-0.011871681892863618,-0.1669120749865941,0.6239219962719359,"(0.0, 0.0, 0.0, 0.0, 0.0, 0.0)",0.3783463667989904,0.5029720914658106,-0.03570922207744563,"(0.0, 0.0, 0.0, 0.0, 0.0, 0.0)",0.24803883218307593,"(-0.058797081231521636, 0.1318395847092362, 0.0006475442606414984)","(0.992265187327223, 0.12413620752411789, -1.470996615340732e-15)",0.00035856895642821427,0.0,"(-0.002591131466435387, 0.19183107838473262, 2.605891809265876e-05)","(-0.9922149042591081, -0.12410642556128294, 0.010352724302848844)",-1.2196569418190882e-05,3.3437693270436726
39,Move,-0.03478308441712033,0.1770503674063893,0.03043180416539901,0.0062508704480821525,-0.0062943641180787,0.13296108871276682,-0.026750000193715096,0.05299999937415123,0.0,0.0,-0.0,0.6989440687266074,-0.07307549566030502,0.10811758786439896,0.0,0.0,-0.0,0.2062671411677727,0.026750000193715096,0.05299999937415123,0.0,0.0,0.0,-0.15563434479392535,0.03791049122810364,0.1241297647356987,0.0,0.0,-0.0,0.3468582090276804,0.7027699203402841,0.9182238740704795,"(0.0, 0.0, 0.0, 0.0, 0.0, 0.0)",-0.14957292302254258,-0.4926768666202722,-2.9501948284327284e-06,"(0.0, 0.0, 0.0, 0.0, 0.0, 0.0)",-0.0111422886597395,-0.15323911989296007,0.5748520753685458,"(0.0, 0.0, 0.0, 0.0, 0.0, 0.0)",-0.10096452602381326,0.5024871264799297,-0.001295095964148939,"(0.0, 0.0, 0.0, 0.0, 0.0, 0.0)",-0.005889799114629593,"(-0.06052051625456242, 0.13110954842218472, 0.00036872593577952535)","(0.9915007954189086, 0.13010062522398416, -0.0)",0.0005926232083375854,0.0,"(-0.004468534612364156, 0.19143016335888313, 0.00016582215831312917)","(-0.9911011591049849, -0.13137860834348997, 0.021404525000180377)",1.967488692374879e-05,0.04683277891135415
40,Move,-0.036143662107598055,0.17698422118184773,0.030309678717275843,-0.002741788805361043,0.0009494546833516164,0.1431281391455768,-0.026750000193715096,0.05299999937415123,0.0,0.0,-0.0,0.7196971670258397,-0.0742093026638031,0.10714438557624817,0.0,0.0,-0.0,0.22702281799833884,0.026750000193715096,0.05299999937415123,0.0,0.0,0.0,-0.14278892988339295,0.03699590265750885,0.12426725029945374,0.0,0.0,-0.0,0.3578320291476569,0.7233270481902451,0.8711514903467403,"(0.0, 0.0, 0.0, 0.0, 0.0, 0.0)",-0.14183491471687268,-0.4926746807252454,-5.829053404893261e-05,"(0.0, 0.0, 0.0, 0.0, 0.0, 0.0)",-0.010565952526880043,-0.14046238939948058,0.5583689288599136,"(0.0, 0.0, 0.0, 0.0, 0.0, 0.0)",2.6132311778408233,0.5006436532105016,0.005447209081432716,"(0.0, 0.0, 0.0, 0.0, 0.0, 0.0)",1.4068980306952463,"(-0.06213141392496081, 0.13037355780047824, -6.324732043684392e-05)","(0.989993224601478, 0.14111490085447218, 1.0998078962803674e-15)",0.0011545936010166403,0.0,"(-0.006124565408837733, 0.19111325508259655, 1.8662363879548043e-06)","(-0.9899921457256433, -0.1411101292015609, 0.0018662363879552812)",-1.138488896677189e-05,18.650821888253994
41,Move,-0.037956485447230036,0.1767432369354608,0.03057061363780839,-0.00022632663861724147,0.0003312374797843907,0.14797133593142064,-0.026750000193715096,0.05299999937415123,0.0,0.0,-0.0,0.7398005813863145,-0.07528812438249588,0.10617941617965698,0.0,0.0,-0.0,0.24712574787895725,0.026750000193715096,0.05299999937415123,0.0,0.0,0.0,-0.12952261688467415,0.03604957461357117,0.1243969053030014,0.0,0.0,-0.0,0.3704842515559546,0.7433532249665761,0.852636637385979,"(0.0, 0.0, 0.0, 0.0, 0.0, 0.0)",-0.13876466072220311,-0.4926726348187971,0.0005292619585905409,"(0.0, 0.0, 0.0, 0.0, 0.0, 0.0)",-0.010284935470162812,-0.12712855253758426,0.5745766018779097,"(0.0, 0.0, 0.0, 0.0, 0.0, 0.0)",-0.08372651175003672,0.5000707971520996,0.015340684980156762,"(0.0, 0.0, 0.0, 0.0, 0.0, 0.0)",-0.0011366857059998214,"(-0.06367928219830085, 0.1296446231540757, 1.804890965731551e-05)","(0.9897742705661183, 0.1426425368720992, 5.419456121344076e-16)",0.0012901438496703325,0.0,"(-0.007911239322476657, 0.1906910529879036, 0.00016824455021550636)","(-0.9890360821273141, -0.14726305461565908, 0.011010040668337212)",-1.3710103874220028e-05,0.0
42,Move,-0.03959188829577646,0.1764219414831375,0.030597961391882866,0.0008898157388059555,-0.0005373278650245227,0.15484517539796794,-0.026750000193715096,0.05299999937415123,0.0,0.0,-0.0,0.7589216190015019,-0.07629603147506714,0.10524165630340576,0.0,0.0,-0.0,0.26625025958244924,0.026750000193715096,0.05299999937415123,0.0,0.0,0.0,-0.11694363044123632,0.035150762647390366,0.12450823187828064,0.0,0.0,-0.0,0.3825758901906206,0.7622495240903593,0.7987150619285874,"(0.0, 0.0, 0.0, 0.0, 0.0, 0.0)",-0.12998543036575957,-0.4926714672842636,-3.1134254226738935e-05,"(0.0, 0.0, 0.0, 0.0, 0.0, 0.0)",-0.009684499165446248,-0.11475840775033214,0.5244529858412897,"(0.0, 0.0, 0.0, 0.0, 0.0, 0.0)",-0.05233992903881921,0.49965761829116256,0.03313648889186744,"(0.0, 0.0, 0.0, 0.0, 0.0, 0.0)",0.010506518664581932,"(-0.06513441141614199, 0.1289031278971356, -0.00010152061699132101)","(0.9888941982891915, 0.1486212117767078, -5.388055571098957e-16)",0.001357689671741183,0.0,"(-0.009604463231957447, 0.19026089043339842, 0.00023078279981140755)","(-0.9880814725883107, -0.15222845007487093, 0.022836429570271214)",-1.0332118981710034e-05,0.10005168644382059
43,Move,-0.04103622821198621,0.17627710744001268,0.030726292435732615,-0.003862017244764119,0.00163327307136166,0.15891714807562493,-0.026750000193715096,0.05299999937415123,0.0,0.0,-0.0,0.7767965978660936,-0.07722189277410507,0.10434772074222565,0.0,0.0,-0.0,0.2841250504920195,0.026750000193715096,0.05299999937415123,0.0,0.0,0.0,-0.10551285803416949,0.03433283790946007,0.12459958344697952,0.0,0.0,-0.0,0.3938493079051569,0.7799041526940219,0.7458038758915322,"(0.0, 0.0, 0.0, 0.0, 0.0, 0.0)",-0.12143333835893205,-0.4926715438862043,2.042718419748013e-06,"(0.0, 0.0, 0.0, 0.0, 0.0, 0.0)",-0.009048382239470434,-0.10355661771635788,0.46949776959215295,"(0.0, 0.0, 0.0, 0.0, 0.0, 0.0)",0.42101611048104376,0.49924684350709014,-0.02767026819643487,"(0.0, 0.0, 0.0, 0.0, 0.0, 0.0)",0.2551163205277325,,,,,,,,
44,Move,-0.04572759971378186,0.1770459786603047,0.032712148883900984,0.020671279054056763,0.03387670490769308,0.3220547365198537,-0.026750000193715096,0.05299999937415123,0.0,0.0,-0.0,0.7306133040711633,-0.07479751110076904,0.1066230982542038,0.0,0.0,-0.0,0.2386962282964417,0.026750000193715096,0.05299999937415123,0.0,0.0,0.0,-0.04982938945808748,0.030336230993270874,0.1249106302857399,0.0,0.0,-0.0,0.4431381613329824,0.7187166367932027,-2.8552013467660617,"(0.0, 0.0, 0.0, 0.0, 0.0, 0.0)",-65.16028590952911,-0.47180358705760006,4.8272410859384145,"(0.0, 0.0, 0.0, 0.0, 0.0, 0.0)",-31.140719171531323,-0.03755833349963991,2.9450539552565216,"(0.0, 0.0, 0.0, 0.0, 0.0, 0.0)",55.87790392936108,0.46316245763088015,-7.153212856155316,"(0.0, 0.0, 0.0, 0.0, 0.0, 0.0)",30.6279690980314,"(-0.06300399964359839, 0.13005733712120804, 0.002348860781350895)","(0.9724740248474117, 0.2330113108779823, -0.0)",-0.0023422716865353008,120.95242881296943,"(-0.017901741333675628, 0.18692045736501556, 0.006151021421443806)","(-0.9514186417092628, -0.3050790602904313, 0.041585276004959176)",-0.00033984050903879945,404.8427855877423
45,Move,-0.04677970106336488,0.17828655912965477,0.03286127708857902,-0.0029289990708500045,0.0432825914594916,0.3237723694121307,-0.026750000193715096,0.05299999937415123,0.0,0.0,-0.0,0.7243829935977734,-0.07446249574422836,0.10692140460014343,0.0,0.0,-0.0,0.2709161126306655,0.026750000193715096,0.05299999937415123,0.0,0.0,0.0,-0.01778497934148092,0.028030451387166977,0.1249886155128479,0.0,0.0,-0.0,0.41508448073171744,0.7287132567500347,1.039258377270419,"(0.0, 0.0, 0.0, 0.0, 0.0, 0.0)",-5.1631029399520285,-0.4525943852878657,0.20939605352231475,"(0.0, 0.0, 0.0, 0.0, 0.0, 0.0)",-2.897975410244726,-0.015367443582073117,0.5802085347284022,"(0.0, 0.0, 0.0, 0.0, 0.0, 0.0)",6.154875921546344,0.4336967241330728,0.19855939366592776,"(0.0, 0.0, 0.0, 0.0, 0.0, 0.0)",3.178218055461058,"(-0.07874508746786685, 0.18585821387730672, 0.0037784100799712027)","(0.9460530917022584, 0.32388667922885345, 0.008998149737812626)",-0.004514571174484919,35.23877250877086,"(-0.018440880447841215, 0.18829904326505656, 0.006143306371058127)","(-0.9480428013591413, -0.3163347192573248, 0.0338702256192814)",-0.000673463123676391,43.405567225671746
46,Move,-0.04956262712062977,0.17817394108857376,0.032326054438129886,-0.001768970131459424,0.026471676780848236,0.2995192562139793,-0.026750000193715096,0.05299999937415123,0.0,0.0,-0.0,0.7443247339199551,-0.07552822679281235,0.10595927387475967,0.0,0.0,-0.0,0.29725468759315127,0.026750000193715096,0.05299999937415123,0.0,0.0,0.0,-0.00040013281443870683,0.02677880972623825,0.1249999925494194,0.0,0.0,-0.0,0.4297594957369821,0.7476518173053918,0.7984841789256153,"(0.0, 0.0, 0.0, 0.0, 0.0, 0.0)",-7.251547096851001,-0.44543876641370594,0.3915199476956127,"(0.0, 0.0, 0.0, 0.0, 0.0, 0.0)",-2.554919410110155,0.002955486459004855,0.8053486304917322,"(0.0, 0.0, 0.0, 0.0, 0.0, 0.0)",7.823430749239511,0.42691037589242836,-0.7798181525219854,"(0.0, 0.0, 0.0, 0.0, 0.0, 0.0)",4.392802103921399,"(-0.0818925733269305, 0.18477617131837865, 0.0033157187092788757)","(0.9546653073707816, 0.2976773704967436, 0.0015277423851496538)",-0.0029726509035107986,23.635493492974973,"(-0.0206231105830788, 0.1876419819010985, 0.006145806677114366)","(-0.9540168088741892, -0.2975384224115409, 0.036370531675521796)",-0.0005815555064076192,53.67262200101761
47,Move,-0.051518945542424324,0.17725165452417344,0.03193764936227381,-0.002454054430581836,0.012490639544267079,0.32193944865422436,-0.026750000193715096,0.05299999937415123,0.0,0.0,-0.0,0.7628747311563058,-0.07650216668844223,0.1050453782081604,0.0,0.0,-0.0,0.3230568117809108,0.026750000193715096,0.05299999937415123,0.0,0.0,-0.0,0.017542836343031182,0.025486981496214867,0.12498892098665237,0.0,0.0,-0.0,0.434554494164922,0.7661692805706151,0.7906805229938119,"(0.0, 0.0, 0.0, 0.0, 0.0, 0.0)",-5.286972835181451,-0.43856233527567035,0.3013539990189384,"(0.0, 0.0, 0.0, 0.0, 0.0, 0.0)",-2.135592076297865,0.020652024624726185,0.746205355628916,"(0.0, 0.0, 0.0, 0.0, 0.0, 0.0)",5.9495537429064225,0.4152330767942086,-0.4268627901007275,"(0.0, 0.0, 0.0, 0.0, 0.0, 0.0)",3.3086046995081864,"(-0.08489781577217473, 0.1836718467510767, 0.0033157187092788757)","(0.9546653073707816, 0.2976773704967436, 0.0015277423851496538)",-0.0017878610222675502,23.930540909983836,"(-0.0222147631509522, 0.18740289639111993, 0.006145806677114366)","(-0.9540168088741892, -0.2975384224115409, 0.036370531675521796)",-0.0004392085928405652,39.02221611987444
48,Move,-0.05384258807043479,0.17601782499353336,0.031398920583893555,0.001690599406956653,-0.00456032570086911,0.34867711845146954,-0.026750000193715096,0.05299999937415123,0.0,0.0,-0.0,0.7802191137861454,-0.07739733159542084,0.10417468100786209,0.0,0.0,-0.0,0.34588809241631463,0.026750000193715096,0.05299999937415123,0.0,0.0,-0.0,0.03597178783914651,0.024160590022802353,0.12495341897010803,0.0,0.0,-0.0,0.44492712993116934,0.7833148851678303,0.7429815858900439,"(0.0, 0.0, 0.0, 0.0, 0.0, 0.0)",-5.901928322350192,-0.43312841072111635,0.2886396013071916,"(0.0, 0.0, 0.0, 0.0, 0.0, 0.0)",-2.053205306794838,0.0392926194930132,0.7970003642285844,"(0.0, 0.0, 0.0, 0.0, 0.0, 0.0)",6.066111458547908,0.40659515140286695,-0.5664460799406614,"(0.0, 0.0, 0.0, 0.0, 0.0, 0.0)",3.412062677637782,"(-0.08746887035460785, 0.18226471227133734, 0.0012779886373614827)","(0.9430395467025757, 0.332680442228486, 0.0003697481025777146)",-0.001452440016736056,20.119057773836502,"(-0.024185972499403373, 0.18686925648547106, 0.006145806677114366)","(-0.9540168088741892, -0.2975384224115409, 0.036370531675521796)",-0.0002675176865465188,39.88184921832147
49,Move,-0.05569875748045922,0.17582289990330827,0.03133779238875477,0.0007524055711595616,-0.003471214379141228,0.3680919137127502,-0.026750000193715096,0.05299999937415123,0.0,0.0,-0.0,0.7964251229614798,-0.07821998000144958,0.10334720462560654,0.0,0.0,-0.0,0.36893277791818635,0.026750000193715096,0.05299999937415123,0.0,0.0,-0.0,0.05507218052368982,0.022786807268857956,0.12489084154367447,0.0,0.0,-0.0,0.4509753153429639,0.7991980143803966,0.6654998083796443,"(0.0, 0.0, 0.0, 0.0, 0.0, 0.0)",-5.873721173821414,-0.42622094975890695,0.30513696994415107,"(0.0, 0.0, 0.0, 0.0, 0.0, 0.0)",-2.365212883080856,0.058509680464709994,0.8250010897127416,"(0.0, 0.0, 0.0, 0.0, 0.0, 0.0)",6.710207740539107,0.3935772401196067,-0.5582187937267291,"(0.0, 0.0, 0.0, 0.0, 0.0, 0.0)",3.768296367637087,"(-0.09008824599102318, 0.18118442992193007, 0.0012779886373614827)","(0.9430395467025757, 0.332680442228486, 0.0003697481025777146)",-0.0007738371258268924,26.209188798064147,"(-0.025933347896480226, 0.18651313560763605, 0.006145806677114366)","(-0.9540168088741892, -0.2975384224115409, 0.036370531675521796)",-0.0001589362052841698,43.19811026188423
50,Move,-0.057569938029790955,0.17559237247851722,0.03119641492389226,-0.0005280271764668508,0.0004935316791731562,0.38710164186010754,-0.026750000193715096,0.05299999937415123,0.0,0.0,-0.0,0.8117918460473107,-0.07898754626512527,0.10255036503076553,0.0,0.0,-0.0,0.3912148415430398,0.026750000193715096,0.05299999937415123,0.0,0.0,-0.0,0.07551052506004352,0.021318407729268074,0.12479483336210251,0.0,0.0,-0.0,0.45768856494605553,0.8145080050522151,0.6518699421286317,"(0.0, 0.0, 0.0, 0.0, 0.0, 0.0)",-5.987765375542214,-0.41930528365003245,0.3052134373907507,"(0.0, 0.0, 0.0, 0.0, 0.0, 0.0)",-2.2530841507837245,0.07925517286353632,0.8987139667089068,"(0.0, 0.0, 0.0, 0.0, 0.0, 0.0)",7.385423945207274,0.3796327253672098,-0.6108735130152922,"(0.0, 0.0, 0.0, 0.0, 0.0, 0.0)",4.197950773457082,"(-0.09258710262798957, 0.18010383839741317, 0.0012779886373614827)","(0.9430395467025757, 0.332680442228486, 0.0003697481025777146)",-0.0003049807454660204,23.72178261531641,"(-0.028190681323426517, 0.18683983024451523, 0.000768029369262055)","(-0.9273354326025276, -0.3742129837868978, 0.003692994068463466)",-0.00031556405656849615,51.96626264770317
51,Move,-0.05927221904121436,0.17477085689519445,0.031274802428416446,-0.00055234885129029,-0.0009416040481507691,0.40633816256451133,-0.026750000193715096,0.05299999937415123,0.0,0.0,-0.0,0.8257376157670475,-0.07967346161603928,0.10181707888841629,0.0,0.0,-0.0,0.41159787594909036,0.026750000193715096,0.05299999937415123,0.0,0.0,-0.0,0.09563182842618477,0.019874999299645424,0.12467101216316223,0.0,0.0,-0.0,0.46405065461159867,0.8281078605738668,0.5688500962350941,"(0.0, 0.0, 0.0, 0.0, 0.0, 0.0)",-5.221778629290485,-0.4130031122810893,0.27280125278738904,"(0.0, 0.0, 0.0, 0.0, 0.0, 0.0)",-1.845279250802705,0.0991337717558074,0.8404668372010471,"(0.0, 0.0, 0.0, 0.0, 0.0, 0.0)",7.464129826585927,0.36605518637949314,-0.5672652695116698,"(0.0, 0.0, 0.0, 0.0, 0.0, 0.0)",4.192189365330824,"(-0.09485085621476746, 0.17907726047573383, 0.0012779886373614827)","(0.9430395467025757, 0.332680442228486, 0.0003697481025777146)",1.8951269279818867e-05,13.157162551282957,"(-0.030002303575795204, 0.1863468770768891, 0.0008429407460552766)","(-0.9199370999517772, -0.39201793878480756, 0.006137410139871378)",-0.000327180446652794,52.34957551514286
52,Move,-0.060895636620672634,0.17378133590843906,0.031245848480648177,0.0014215007840804176,0.0011919452261468831,0.43483760709185404,-0.026750000193715096,0.05299999937415123,0.0,0.0,-0.0,0.8373966161210515,-0.08023901283740997,0.10119673609733582,0.0,0.0,-0.0,0.4292690941247485,0.026750000193715096,0.05299999937415123,0.0,0.0,-0.0,0.11437134663295946,0.01853320375084877,0.12452960759401321,0.0,0.0,-0.0,0.4705231938994087,0.8391863671275877,0.4295393109522917,"(0.0, 0.0, 0.0, 0.0, 0.0, 0.0)",-2.47628995404448,-0.40839837498998993,-0.06500435178748631,"(0.0, 0.0, 0.0, 0.0, 0.0, 0.0)",-0.46105766199873244,0.11770748343884614,0.8006730526230575,"(0.0, 0.0, 0.0, 0.0, 0.0, 0.0)",4.920293403634089,0.3556715780684494,-0.11528422104823255,"(0.0, 0.0, 0.0, 0.0, 0.0, 0.0)",2.844607789150606,"(-0.07310352661021055, 0.12645321475952567, 0.0008514658058498014)","(0.9126420075667899, 0.4087597901267435, 1.0768943207347869e-15)",-0.0003329696889358787,25.989189178892712,"(-0.03173769029674582, 0.18587041806065327, 0.0007952467314255143)","(-0.9107192823653335, -0.41300148893083205, 0.0044898629029855325)",-0.00032756080028466646,34.248418515576375
53,Move,-0.06225502574517406,0.17307354599178545,0.03124088827270961,-0.0009021434615726948,-0.0007957285641689164,0.45322021751455205,-0.026750000193715096,0.05299999937415123,0.0,0.0,-0.0,0.8473387940814004,-0.08071553707122803,0.10066256672143936,0.0,0.0,-0.0,0.4448887878446609,0.026750000193715096,0.05299999937415123,0.0,0.0,-0.0,0.13332001670500956,0.017179368063807487,0.1243610754609108,0.0,0.0,-0.0,0.4755508555307528,0.8490514754663426,0.4110464345426337,"(0.0, 0.0, 0.0, 0.0, 0.0, 0.0)",-6.36273125850259,-0.40116933334578087,0.30736364408876116,"(0.0, 0.0, 0.0, 0.0, 0.0, 0.0)",-2.1218058371964283,0.13673770269533417,0.82024214604895,"(0.0, 0.0, 0.0, 0.0, 0.0, 0.0)",9.28102008573427,0.3392015162217496,-0.7270374401732594,"(0.0, 0.0, 0.0, 0.0, 0.0, 0.0)",5.19253248219699,"(-0.07397540712494673, 0.12602741357150118, 0.0008514658058498014)","(0.9126420075667899, 0.4087597901267435, 1.0768943207347869e-15)",-0.00010655949505102607,32.43937371041886,"(-0.03337204343867828, 0.18539399197641854, 0.0007995907456690072)","(-0.9004470334336901, -0.43494831880762425, 0.0038858650115516863)",-0.00035319903727893136,64.9044891750115
54,Move,-0.06355981048767856,0.17257362899501003,0.0312971906843029,-0.00252265468904043,-0.0007006091689193506,0.4657299932189175,-0.026750000193715096,0.05299999937415123,0.0,0.0,-0.0,0.8563276314971555,-0.08114177733659744,0.10017556697130203,0.0,0.0,-0.0,0.46236655528919895,0.026750000193715096,0.05299999937415123,0.0,0.0,-0.0,0.15292096123972734,0.01578255370259285,0.1241597831249237,0.0,0.0,-0.0,0.4769547637403165,0.857886229728297,0.37408761692644077,"(0.0, 0.0, 0.0, 0.0, 0.0, 0.0)",-7.813035027350116,-0.39218301267136435,0.42671408913787606,"(0.0, 0.0, 0.0, 0.0, 0.0, 0.0)",-2.88086532348816,0.15644659353582233,0.8461564418207892,"(0.0, 0.0, 0.0, 0.0, 0.0, 0.0)",10.408608409967707,0.32068986711566616,-0.8025376904340338,"(0.0, 0.0, 0.0, 0.0, 0.0, 0.0)",5.795912323144103,"(-0.09966499788226528, 0.17545176977082855, 0.008194563088537284)","(0.895025575967952, 0.4460123088454553, 0.0014962358042445573)",-0.00018168849173839634,30.8154264250408,"(-0.034786327967451444, 0.18498922386183447, 0.0008842190509879979)","(-0.8942198108338564, -0.44762766206237553, 0.0006372353046706098)",-0.00041519931907996763,72.69124358713142
55,Move,-0.06480156594136256,0.17219038031808165,0.031298914399861204,0.0003872299702168455,0.002290825718096275,0.4790516945503985,-0.026750000193715096,0.05299999937415123,0.0,0.0,-0.0,0.8644130961355557,-0.08152144402265549,0.09973423928022385,0.0,0.0,-0.0,0.47935301068040354,0.026750000193715096,0.05299999937415123,0.0,0.0,-0.0,0.17284624553000058,0.014366944320499897,0.12392714619636536,0.0,0.0,-0.0,0.47709924199217324,0.8657531767032692,0.3216053636143442,"(0.0, 0.0, 0.0, 0.0, 0.0, 0.0)",-7.151822177978752,-0.38369424272288916,0.3278099915235285,"(0.0, 0.0, 0.0, 0.0, 0.0, 0.0)",-2.3452059577336963,0.17638345762228747,0.8489299242260239,"(0.0, 0.0, 0.0, 0.0, 0.0, 0.0)",11.176023269389354,0.3005977767795038,-0.8772542138695555,"(0.0, 0.0, 0.0, 0.0, 0.0, 0.0)",6.203963122398149,"(-0.10132060452871658, 0.17468495178521654, 0.008194563088537284)","(0.895025575967952, 0.4460123088454553, 0.0014962358042445573)",7.642576194271392e-05,23.045202251595597,"(-0.03627731297661717, 0.18487796133574963, 0.002145711566265934)","(-0.89168045336729, -0.45266462437435073, 0.0008407869719300218)",-0.0004532127867212959,74.45955333352856
56,Move,-0.06616687020155046,0.17190041398474734,0.031335266999820754,-0.0001848286937605938,-0.00040796332119390736,0.4901481123290115,-0.026750000193715096,0.05299999937415123,0.0,0.0,-0.0,0.8723967308229607,-0.08189279586076736,0.0992954894900322,0.0,0.0,-0.0,0.49352038899230943,0.026750000193715096,0.05299999937415123,0.0,0.0,-0.0,0.19221303492606365,0.012995722703635693,0.12367404252290726,0.0,0.0,-0.0,0.4694879591058435,0.8738391855897711,0.3462126830762183,"(0.0, 0.0, 0.0, 0.0, 0.0, 0.0)",-11.456139928984316,-0.37800495365791426,0.20912510394188086,"(0.0, 0.0, 0.0, 0.0, 0.0, 0.0)",-1.9021345640679572,0.1956600457654819,0.827284915264064,"(0.0, 0.0, 0.0, 0.0, 0.0, 0.0)",17.519015693381842,0.27214977135391405,-1.2300383355660158,"(0.0, 0.0, 0.0, 0.0, 0.0, 0.0)",8.563322507008676,"(-0.10275178277664365, 0.1739581878128858, 0.008194563088537284)","(0.895025575967952, 0.4460123088454553, 0.0014962358042445573)",0.00016768430524994292,2.3013714314778326,"(-0.037183157858971055, 0.1850085547151178, 0.002145711566265934)","(-0.89168045336729, -0.45266462437435073, 0.0008407869719300218)",7.001352004790683e-05,64.7980104776206
57,Move,-0.06696899755434602,0.1717391636574779,0.031430795826444,0.0008859149890233934,-0.0008175208758943466,0.49324884251252904,-0.026750000193715096,0.05299999937415123,0.0,0.0,-0.0,0.8801483697147282,-0.08224999904632568,0.09886665642261505,0.0,0.0,-0.0,0.5102041126661181,0.026750000193715096,0.05299999937415123,0.0,0.0,-0.0,0.21106394446339177,0.01166597381234169,0.12340221554040909,0.0,0.0,-0.0,0.4692560404175987,0.8814434472018875,0.3108451144257145,"(0.0, 0.0, 0.0, 0.0, 0.0, 0.0)",-12.53664665049399,-0.36825446975473997,0.4055452001603156,"(0.0, 0.0, 0.0, 0.0, 0.0, 0.0)",-3.183112679833709,0.21448860967762048,0.8219183061040537,"(0.0, 0.0, 0.0, 0.0, 0.0, 0.0)",17.78107146871184,0.2551699414471485,-0.7253203679336175,"(0.0, 0.0, 0.0, 0.0, 0.0, 0.0)",5.33060559368125,"(-0.10435167668765642, 0.17317097526783048, 0.008194563088537284)","(0.895025575967952, 0.4460123088454553, 0.0014962358042445573)",0.0010284427415074913,0.0,"(-0.017687516942545372, 0.14370309954206675, 0.000967866258909658)","(-0.8919049617981905, -0.4522228865501704, 6.529207957601e-15)",-0.0014686266734827173,164.39485945106017
58,Move,-0.06801050436198137,0.17162370742836125,0.031310740364167734,-0.002714589562618312,-0.000591427855506419,0.4948836173323983,-0.026750000193715096,0.05299999937415123,0.0,0.0,-0.0,0.8878025742345397,-0.0825994536280632,0.0984404981136322,0.0,0.0,-0.0,0.5289921980502771,0.026750000193715096,0.05299999937415123,0.0,0.0,-0.0,0.23047577799521957,0.010302267037332058,0.12309616059064865,0.0,0.0,-0.0,0.46983209303771534,0.8892053663952973,0.3366455473103159,"(0.0, 0.0, 0.0, 0.0, 0.0, 0.0)",-15.187963362974193,-0.35675236612282946,0.4939585238658792,"(0.0, 0.0, 0.0, 0.0, 0.0, 0.0)",-3.9288598522740843,0.23395153269475447,0.8341848234909306,"(0.0, 0.0, 0.0, 0.0, 0.0, 0.0)",19.25170945126865,0.23601096740891225,-0.8028900815580934,"(0.0, 0.0, 0.0, 0.0, 0.0, 0.0)",6.04700243207993,"(-0.07801351635242126, 0.12428122120661314, 0.0008973541137468587)","(0.8833277822598792, 0.4687558309907659, -0.0)",3.0363831060859473e-05,157.677643907123,"(-0.019059511508550647, 0.143373433769628, 0.0010069970802972692)","(-0.89164431281525, -0.4527365894471319, -3.5742397440020326e-14)",-0.001951465945201708,173.02342083430204
