,Phase,human_cube_pos,human_cube_orn,Cube_Pos,Cube_Orn,Cube_pos_in_start_pos,b'l_prox_pin'_link_pos,b'l_prox_pin'_link_orn,b'l_distal_pin'_link_pos,b'l_distal_pin'_link_orn,b'r_prox_pin'_link_pos,b'r_prox_pin'_link_orn,b'r_distal_pin'_link_pos,b'r_distal_pin'_link_orn,b'l_prox_pin'_joint_angle,b'l_prox_pin'_joint_vel,b'l_prox_pin'_joint_react_forces,b'l_prox_pin'_joint_motor_torque,b'l_distal_pin'_joint_angle,b'l_distal_pin'_joint_vel,b'l_distal_pin'_joint_react_forces,b'l_distal_pin'_joint_motor_torque,b'r_prox_pin'_joint_angle,b'r_prox_pin'_joint_vel,b'r_prox_pin'_joint_react_forces,b'r_prox_pin'_joint_motor_torque,b'r_distal_pin'_joint_angle,b'r_distal_pin'_joint_vel,b'r_distal_pin'_joint_react_forces,b'r_distal_pin'_joint_motor_torque,in_contact_l,contact_point_l_dist,contact_normal_l_dist,contact_distance_l_dist,contact_norm_force_l_dist,in_contact_r,contact_point_r_dist,contact_normal_r_dist,contact_distance_r_dist,contact_norm_force_r_dist
0,Open,,,,,,"[-0.026750000193715096, 0.05299999937415123, 0.03999999910593033]","[0.0, -0.0, 0.42755761853039154]","[-0.056604765355587006, 0.1185186430811882, 0.03999999910593033]","[0.0, -0.0, 0.4463066270391506]","[0.026750000193715096, 0.05299999937415123, 0.03999999910593033]","[0.0, 0.0, -0.42757404208311445]","[0.05660583823919296, 0.1185181587934494, 0.03999999910593033]","[0.0, 0.0, -0.4465272228574986]",0.5418018724257314,27.418616735313837,"(0.0, 0.0, 0.0, 0.0, 0.0, 0.0)",-4.412236817968903,0.016874447698417276,-0.44988750389777044,"(0.0, 0.0, 0.0, 0.0, 0.0, 0.0)",-0.3112578673856835,-0.5418166170859073,-27.418223544375806,"(0.0, 0.0, 0.0, 0.0, 0.0, 0.0)",4.412120589674461,-0.017058187988154127,0.4547872631353701,"(0.0, 0.0, 0.0, 0.0, 0.0, 0.0)",0.31119999541872967,False,,,,,False,,,,
1,Open,,,,,,"[-0.026750000193715096, 0.05299999937415123, 0.03999999910593033]","[0.0, -0.0, 0.8953992050914552]","[-0.08294302970170975, 0.09801492840051651, 0.03999999910593033]","[0.0, -0.0, 0.9064715399310761]","[0.026750000193715096, 0.05299999937415123, 0.03999999910593033]","[0.0, 0.0, -0.8954089117450801]","[0.08294346183538437, 0.09801438450813293, 0.03999999910593033]","[0.0, 0.0, -0.9066016844299951]",0.9628592876486701,16.190418996035465,"(0.0, 0.0, 0.0, 0.0, 0.0, 0.0)",-2.616982039675733,0.009965290062605858,-0.26568209241480656,"(0.0, 0.0, 0.0, 0.0, 0.0, 0.0)",-0.18775783729375353,-0.9628679942230576,-16.190186820718473,"(0.0, 0.0, 0.0, 0.0, 0.0, 0.0)",2.6169116334278195,-0.010073786659150813,0.26857534621184953,"(0.0, 0.0, 0.0, 0.0, 0.0, 0.0)",0.187722108909745,False,,,,,False,,,,
2,Open,,,,,,"[-0.026750000193715096, 0.05299999937415123, 0.03999999910593033]","[0.0, -0.0, 1.17165497759142]","[-0.09309044480323792, 0.08098116517066956, 0.03999999910593033]","[0.0, -0.0, 1.1781937273122836]","[0.026750000193715096, 0.05299999937415123, 0.03999999910593033]","[0.0, 0.0, -1.1716605985979762]","[0.09309060126543045, 0.08098078519105911, 0.03999999910593033]","[0.0, 0.0, -1.178270796658152]",1.2114894807636634,9.56028051296898,"(0.0, 0.0, 0.0, 0.0, 0.0, 0.0)",-1.549346412635057,0.005885062316220725,-0.15689973638119079,"(0.0, 0.0, 0.0, 0.0, 0.0, 0.0)",-0.11225090666269867,-1.2114946219087734,-9.560143415766044,"(0.0, 0.0, 0.0, 0.0, 0.0, 0.0)",1.5493042197033076,-0.00594912834521185,0.1586081706180975,"(0.0, 0.0, 0.0, 0.0, 0.0, 0.0)",0.11222926703597672,False,,,,,False,,,,
3,Open,,,,,,"[-0.026750000193715096, 0.05299999937415123, 0.03999999910593033]","[0.0, -0.0, 1.3347813147466918]","[-0.09675397723913193, 0.06983575969934464, 0.03999999910593033]","[0.0, -0.0, 1.3386449621367835]","[0.026750000193715096, 0.05299999937415123, 0.03999999910593033]","[0.0, 0.0, -1.3347844615433213]","[0.0967540368437767, 0.06983552873134613, 0.03999999910593033]","[0.0, 0.0, -1.3386905382854437]",1.3583031234961356,5.645250040103052,"(0.0, 0.0, 0.0, 0.0, 0.0, 0.0)",-0.9162890978823036,0.0034783869891320215,-0.09247571818598516,"(0.0, 0.0, 0.0, 0.0, 0.0, 0.0)",-0.06677007440367574,-1.3583061592909116,-5.645169085575695,"(0.0, 0.0, 0.0, 0.0, 0.0, 0.0)",0.9162639666346021,-0.003516216695348753,0.09348456497972772,"(0.0, 0.0, 0.0, 0.0, 0.0, 0.0)",0.06675710630673855,False,,,,,False,,,,
4,Open,,,,,,"[-0.026750000193715096, 0.05299999937415123, 0.03999999910593033]","[0.0, -0.0, 1.4311058207082674]","[-0.09804865717887878, 0.06302504986524582, 0.03999999910593033]","[0.0, -0.0, 1.433390691262394]","[0.026750000193715096, 0.05299999937415123, 0.03999999910593033]","[0.0, 0.0, -1.4311075924426346]","[0.09804867953062057, 0.06302490830421448, 0.03999999910593033]","[0.0, 0.0, -1.433417470845748]",1.4449951113932331,3.333463696180452,"(0.0, 0.0, 0.0, 0.0, 0.0, 0.0)",-0.5415503506795546,0.0020570753203455715,-0.05468855210882702,"(0.0, 0.0, 0.0, 0.0, 0.0, 0.0)",-0.039594115216637325,-1.4449969039996904,-3.3334158933415914,"(0.0, 0.0, 0.0, 0.0, 0.0, 0.0)",0.541535435877482,-0.002079412775410495,0.055284250111531166,"(0.0, 0.0, 0.0, 0.0, 0.0, 0.0)",0.03958639191865308,False,,,,,False,,,,
5,Open,,,,,,"[-0.026750000193715096, 0.05299999937415123, 0.03999999910593033]","[0.0, -0.0, 1.4879842849605203]","[-0.09850326180458069, 0.05895565450191498, 0.03999999910593033]","[0.0, -0.0, 1.4893357278409396]","[0.026750000193715096, 0.05299999937415123, 0.03999999910593033]","[0.0, 0.0, -1.4879853833286059]","[0.09850326925516129, 0.05895556882023811, 0.03999999910593033]","[0.0, 0.0, -1.4893513332680077]",1.4961858633265903,1.9683769779575933,"(0.0, 0.0, 0.0, 0.0, 0.0, 0.0)",-0.31995094896823073,0.0012165319928285922,-0.03234212113369103,"(0.0, 0.0, 0.0, 0.0, 0.0, 0.0)",-0.02343792779000599,-1.4961869218427772,-1.9683487508592754,"(0.0, 0.0, 0.0, 0.0, 0.0, 0.0)",0.31994211580738524,-0.0012297216752996233,0.03269386530715718,"(0.0, 0.0, 0.0, 0.0, 0.0, 0.0)",0.02343334437795369,False,,,,,False,,,,
6,Open,,,,,,"[-0.026750000193715096, 0.05299999937415123, 0.03999999910593033]","[0.0, -0.0, 1.5215704989376362]","[-0.09866278618574142, 0.05654282495379448, 0.03999999910593033]","[0.0, -0.0, 1.522369838325666]","[0.026750000193715096, 0.05299999937415123, 0.03999999910593033]","[0.0, 0.0, -1.5215710825913402]","[0.09866278618574142, 0.0565427765250206, 0.03999999910593033]","[0.0, 0.0, -1.522379029767931]",1.5264134904357183,1.1623069217141797,"(0.0, 0.0, 0.0, 0.0, 0.0, 0.0)",-0.18898727227709852,0.000719444125508032,-0.019126791845346432,"(0.0, 0.0, 0.0, 0.0, 0.0, 0.0)",-0.013859938289241243,-1.5264141154789415,-1.162290253894895,"(0.0, 0.0, 0.0, 0.0, 0.0, 0.0)",0.18898204730565804,-0.0007272322869396521,0.019334487584604668,"(0.0, 0.0, 0.0, 0.0, 0.0, 0.0)",0.013857223880827028,False,,,,,False,,,,
7,Close,,,"(1.2478112216283415e-07, 0.16999960627914334, 0.0003375139776509844)","(1.5703757789650807, 0.0001088681168706304, -5.122612185789874e-06)",,"[-0.026750000193715096, 0.05299999937415123, 0.03999999910593033]","[0.0, -0.0, 1.2785329680082034]","[-0.09569678455591202, 0.07374466955661774, 0.03999999910593033]","[0.0, -0.0, 1.0351044933740032]","[0.026750000193715096, 0.05299999937415123, 0.03999999910593033]","[0.0, 0.0, -1.2785333261376617]","[0.09569679200649261, 0.07374463975429535, 0.03999999910593033]","[0.0, 0.0, -1.0351099865887758]",1.2106796019673873,-16.28478938579699,"(0.0, 0.0, 0.0, 0.0, 0.0, 0.0)",2.809472854136235,-0.3090860149933808,-15.757821278062295,"(0.0, 0.0, 0.0, 0.0, 0.0, 0.0)",0.3661538009495806,-1.2106799710491603,16.284799227977608,"(0.0, 0.0, 0.0, 0.0, 0.0, 0.0)",-2.8094757422584213,0.30908141619234186,15.75794391320213,"(0.0, 0.0, 0.0, 0.0, 0.0, 0.0)",-0.3661552191151056,False,,,,,False,,,,
8,Close,,,"(3.0991841452431125e-07, 0.1699991530873768, 0.0005600347089338349)","(1.5707725584893357, 0.0003276471180493337, -1.5390016504502985e-05)",,"[-0.026750000193715096, 0.05299999937415123, 0.03999999910593033]","[0.0, -0.0, 1.0006670909649218]","[-0.08736184239387512, 0.09186135232448578, 0.03999999910593033]","[0.0, -0.0, 0.48836557737534114]","[0.026750000193715096, 0.05299999937415123, 0.03999999910593033]","[0.0, 0.0, -1.0006671906734346]","[0.08736184984445572, 0.09186133742332458, 0.03999999910593033]","[0.0, 0.0, -0.4883688154364048]",0.9606001981650306,-9.616005284561718,"(0.0, 0.0, 0.0, 0.0, 0.0, 0.0)",1.667253264949997,-0.5510712009946406,-9.304767973476249,"(0.0, 0.0, 0.0, 0.0, 0.0, 0.0)",0.2218037572572205,-0.9606004161041268,9.616011096270952,"(0.0, 0.0, 0.0, 0.0, 0.0, 0.0)",-1.6672550198735234,0.5510684854486152,9.30484038803693,"(0.0, 0.0, 0.0, 0.0, 0.0, 0.0)",-0.22180464092959223,False,,,,,False,,,,
9,Close,,,"(2.933853975158492e-07, 0.16999904048792538, 0.0007066062154399696)","(1.5708337628024795, 0.00026866528465535426, -1.404448202163588e-05)",,"[-0.026750000193715096, 0.05299999937415123, 0.03999999910593033]","[0.0, -0.0, 0.8365897781630613]","[-0.08020010590553284, 0.1012398824095726, 0.03999999910593033]","[0.0, -0.0, 0.16552144688028117]","[0.026750000193715096, 0.05299999937415123, 0.03999999910593033]","[0.0, 0.0, -0.8365899294750984]","[0.08020011335611343, 0.101239874958992, 0.03999999910593033]","[0.0, 0.0, -0.1655233971102189]",0.8129308110141114,-5.678154960376304,"(0.0, 0.0, 0.0, 0.0, 0.0, 0.0)",0.9873874064507416,-0.6939616573792659,-5.494397555666588,"(0.0, 0.0, 0.0, 0.0, 0.0, 0.0)",0.13292457281458034,-0.8129309397049683,5.678158392132489,"(0.0, 0.0, 0.0, 0.0, 0.0, 0.0)",-0.987388459985631,0.6939600538790082,5.494440315842426,"(0.0, 0.0, 0.0, 0.0, 0.0, 0.0)",-0.13292511074891808,False,,,,,False,,,,
10,Close,,,"(1.9902477861274505e-07, 0.16999905216518962, 0.0008031506137060285)","(1.5708213694470277, 0.0001751880104672085, -1.4031272711042213e-05)",,"[-0.026750000193715096, 0.05299999937415123, 0.03999999910593033]","[0.0, -0.0, 0.7397039398326887]","[-0.075282983481884, 0.10618411004543304, 0.03999999910593033]","[0.0, 0.0, -0.025114755601520013]","[0.026750000193715096, 0.05299999937415123, 0.03999999910593033]","[0.0, 0.0, -0.7397039829241547]","[0.0752829909324646, 0.10618410259485245, 0.03999999910593033]","[0.0, -0.0, 0.025113617980755978]",0.7257335145957226,-3.3528937225526034,"(0.0, 0.0, 0.0, 0.0, 0.0, 0.0)",0.5840196078844049,-0.7783380408184963,-3.244652289205478,"(0.0, 0.0, 0.0, 0.0, 0.0, 0.0)",0.07914031685893824,-0.7257335905863868,3.3528957489703144,"(0.0, 0.0, 0.0, 0.0, 0.0, 0.0)",-0.5840202358821991,0.778337093974245,3.2446775397467595,"(0.0, 0.0, 0.0, 0.0, 0.0, 0.0)",-0.07914064000385382,False,,,,,False,,,,
11,Close,,,"(1.3069317882946781e-07, 0.16999905849316785, 0.0008666025578373041)","(1.570813038524343, 0.0001076496945073061, -1.4014808324094979e-05)",,"[-0.026750000193715096, 0.05299999937415123, 0.03999999910593033]","[0.0, -0.0, 0.6824937890365349]","[-0.07216256856918335, 0.10887216031551361, 0.03999999910593033]","[0.0, 0.0, -0.137687120736303]","[0.026750000193715096, 0.05299999937415123, 0.03999999910593033]","[0.0, 0.0, -0.6824937890365349]","[0.07216257601976395, 0.10887216031551361, 0.03999999910593033]","[0.0, -0.0, 0.1376864353718678]",0.6742443830336282,-1.9798502142300851,"(0.0, 0.0, 0.0, 0.0, 0.0, 0.0)",0.34523008433021124,-0.8281635344937409,-1.9158370237869804,"(0.0, 0.0, 0.0, 0.0, 0.0, 0.0)",0.046989708289177236,-0.6742444279053555,1.9798514108094807,"(0.0, 0.0, 0.0, 0.0, 0.0, 0.0)",-0.3452304573414294,0.8281629754068567,1.9158519335829844,"(0.0, 0.0, 0.0, 0.0, 0.0, 0.0)",-0.04698990114977892,False,,,,,False,,,,
12,Close,,,"(8.555941999099156e-08, 0.16999906193922792, 0.000908421947806545)","(1.5708075491537519, 6.311807488844542e-05, -1.4000595358663434e-05)",,"[-0.026750000193715096, 0.05299999937415123, 0.03999999910593033]","[0.0, -0.0, 0.6487117277688945]","[-0.070249542593956, 0.11037412285804749, 0.03999999910593033]","[0.0, 0.0, -0.20415830575541527]","[0.026750000193715096, 0.05299999937415123, 0.03999999910593033]","[0.0, 0.0, -0.6487117277688945]","[0.070249542593956, 0.11037411540746689, 0.03999999910593033]","[0.0, -0.0, 0.20415788801885543]",0.6438405657375271,-1.1690817530007243,"(0.0, 0.0, 0.0, 0.0, 0.0, 0.0)",0.20397674457790932,-0.8575834812137779,-1.1312243968345508,"(0.0, 0.0, 0.0, 0.0, 0.0, 0.0)",0.027828964636992654,-0.6438405922338334,1.1690824595688907,"(0.0, 0.0, 0.0, 0.0, 0.0, 0.0)",-0.20397696556653716,0.8575831510875931,1.1312332006820753,"(0.0, 0.0, 0.0, 0.0, 0.0, 0.0)",-0.027829079200348807,False,,,,,False,,,,
13,Close,,,"(5.567361934631568e-08, 0.16999906349286917, 0.0009359839309479349)","(1.5708039321322358, 3.37560108188707e-05, -1.3987283228090085e-05)",,"[-0.026750000193715096, 0.05299999937415123, 0.03999999910593033]","[0.0, -0.0, 0.62876384308693]","[-0.06909646838903427, 0.11123037338256836, 0.03999999910593033]","[0.0, 0.0, -0.24340789693353326]","[0.026750000193715096, 0.05299999937415123, 0.03999999910593033]","[0.0, 0.0, -0.62876384308693]","[0.06909646838903427, 0.11123037338256836, 0.03999999910593033]","[0.0, -0.0, 0.24340764580603796]",0.6258874156623524,-0.6903310843293964,"(0.0, 0.0, 0.0, 0.0, 0.0, 0.0)",0.12048853373387189,-0.8749547691894786,-0.6679421640099914,"(0.0, 0.0, 0.0, 0.0, 0.0, 0.0)",0.016461146679105913,-0.6258874313081562,0.6903315015508323,"(0.0, 0.0, 0.0, 0.0, 0.0, 0.0)",-0.12048866447898966,0.8749545742586229,0.6679473624521103,"(0.0, 0.0, 0.0, 0.0, 0.0, 0.0)",-0.016461214564379854,False,,,,,False,,,,
14,Move,,,"(0.0002849434880139787, 0.17128526654835666, 0.0018667775255450016)","(1.529867145493542, 0.001236551690390913, -0.0026252758006009144)","[0.0, 0.0, 0.0]","[-0.026750000193715096, 0.05299999937415123, 0.03999999910593033]","[0.0, -0.0, 0.5674368798319164]","[-0.06544800847768784, 0.113716259598732, 0.03999999910593033]","[0.0, 0.0, -0.23086444862254737]","[0.026750000193715096, 0.05299999937415123, 0.03999999910593033]","[0.0, 0.0, -0.5672775113046467]","[0.06543833017349243, 0.11372242867946625, 0.03999999910593033]","[0.0, -0.0, 0.2338230653212545]",0.5526433844132694,-3.5504372063580854,"(0.0, 0.0, 0.0, 0.0, 0.0, 0.0)",-74.66311326449657,-0.7739535469156117,5.843468067207706,"(0.0, 0.0, 0.0, 0.0, 0.0, 0.0)",-38.567738900473906,-0.5523653530093062,3.5789086898164406,"(0.0, 0.0, 0.0, 0.0, 0.0, 0.0)",70.97380681712595,0.7784689212282292,-5.431581853362886,"(0.0, 0.0, 0.0, 0.0, 0.0, 0.0)",36.631671368390464,True,"(-0.031139027298926508, 0.18549673152317092, 0.03999924353386678)","(0.9999971505660776, -0.0022642037706561637, -0.0007564661332230728)",-0.000503181178828863,565.4925793008347,True,"(0.030917119596597424, 0.1854085662421605, 0.04000075646613322)","(-0.9999971505660776, 0.002264203770598743, 0.0007564661332168607)",-0.0013606486484191646,538.0249494895718
15,Move,"(-0.0032, 0.0, 0.0006)","(0.0, 0.012639674442942934, 0.0)","(-0.00011231318598801882, 0.17123710457961142, 0.0031872926556322)","(1.4916108354325692, -0.0028362856366649035, -0.010108246670426459)","[-0.0003972566740019975, -4.81619687452417e-05, 0.0013205151300871984]","[-0.026750000193715096, 0.05299999937415123, 0.03999999910593033]","[0.0, -0.0, 0.5468610429537455]","[-0.06419061869382858, 0.11449959129095078, 0.03999999910593033]","[0.0, 0.0, -0.2107847296837562]","[0.026750000193715096, 0.05299999937415123, 0.03999999910593033]","[0.0, 0.0, -0.5426204727367352]","[0.0639294907450676, 0.11465781182050705, 0.03999999910593033]","[0.0, -0.0, 0.22066385947783454]",0.5488911205742343,0.4872225920830946,"(0.0, 0.0, 0.0, 0.0, 0.0, 0.0)",-0.07458883058451551,-0.7592765355550031,-0.3913869696162288,"(0.0, 0.0, 0.0, 0.0, 0.0, 0.0)",-0.001164115577820377,-0.543615647512646,-0.2388450442001356,"(0.0, 0.0, 0.0, 0.0, 0.0, 0.0)",0.6451335445810268,0.764754494282261,0.3528404376079729,"(0.0, 0.0, 0.0, 0.0, 0.0, 0.0)",0.33375605144546217,True,"(-0.03132966149870185, 0.18692894793189652, 0.04000255079645672)","(0.999967074166631, -0.007703506997728436, 0.0025507964567152057)",-0.000585605050358354,0.0,True,"(0.03035448338434974, 0.18678428221382953, 0.03999744920354329)","(-0.999967074166631, 0.00770350699773902, -0.0025507964567056253)",-0.001651178025781215,4.571735188727646
16,Move,"(-0.012400000000000001, 0.0, 0.0086)","(0.0, 0.13771171397010862, 0.0)","(-0.0010884726641797334, 0.17109234277080373, 0.0031856283793220493)","(1.494472543888666, -0.0019003807679606978, -0.020719781000995276)","[-0.0013734161521937122, -0.00019292377755292245, 0.0013188508537770476]","[-0.026750000193715096, 0.05299999937415123, 0.03999999910593033]","[0.0, -0.0, 0.5597858027347347]","[-0.0649823322892189, 0.11401056498289108, 0.03999999910593033]","[0.0, 0.0, -0.2005607693287052]","[0.026750000193715096, 0.05299999937415123, 0.03999999910593033]","[0.0, 0.0, -0.542598898167842]","[0.06392815709114075, 0.11465860903263092, 0.03999999910593033]","[0.0, -0.0, 0.22296814102927895]",0.5622249165452041,0.5854068625807445,"(0.0, 0.0, 0.0, 0.0, 0.0, 0.0)",-0.09563448910736247,-0.7602394942703725,0.025678899076519993,"(0.0, 0.0, 0.0, 0.0, 0.0, 0.0)",-0.007415764746094204,-0.5420811953924319,0.12423871398449204,"(0.0, 0.0, 0.0, 0.0, 0.0, 0.0)",0.32799644363339087,0.7654762722417459,-0.021778191119366297,"(0.0, 0.0, 0.0, 0.0, 0.0, 0.0)",0.16541775140657117,True,"(-0.032863757782629746, 0.18675130542604107, 0.0400020641142733)","(0.9998309900766238, -0.018268298077953354, 0.0020641142733105328)",0.0002148679815306908,0.0,True,"(0.030187191382276074, 0.18672039637768598, 0.0399979358857267)","(-0.9998309900766239, 0.018268298077950728, -0.0020641142733075673)",-0.0010940172957004022,2.595926352220339
17,Move,"(-0.0162, 0.0, 0.0137)","(0.0, 0.021678734639021566, 0.0)","(-0.002074130079386438, 0.17095109801697797, 0.002026315967259909)","(1.5338923947470047, -0.0012951480833640003, -0.03218547009638916)","[-0.0023590735674004167, -0.00033416853137868685, 0.00015953844171490757]","[-0.026750000193715096, 0.05299999937415123, 0.03999999910593033]","[0.0, -0.0, 0.5788274767199485]","[-0.06613707542419434, 0.11327153444290161, 0.03999999910593033]","[0.0, 0.0, -0.18134183873114668]","[0.026750000193715096, 0.05299999937415123, 0.03999999910593033]","[0.0, 0.0, -0.5393909646770906]","[0.06373017281293869, 0.11477755755186081, 0.03999999910593033]","[0.0, -0.0, 0.22599494324045916]",0.5827030551621941,0.9301453009274034,"(0.0, 0.0, 0.0, 0.0, 0.0, 0.0)",-0.15141669599745286,-0.7601763145490572,-0.0016847925684091436,"(0.0, 0.0, 0.0, 0.0, 0.0, 0.0)",-0.011260590755723384,-0.5387923147964507,0.14366963705065644,"(0.0, 0.0, 0.0, 0.0, 0.0, 0.0)",0.30537646881324015,0.7653869508424769,0.0002537315881863526,"(0.0, 0.0, 0.0, 0.0, 0.0, 0.0)",0.15764009575236393,False,,,,,True,"(0.029771563271184423, 0.18675122086754126, 0.03999859631379867)","(-0.9995615371433254, 0.02957639478909657, -0.0014036862013276081)",-0.0007267558216037293,2.4596800564510226
18,Move,"(-0.0162, 0.0, 0.0137)","(0.0, 0.021678734639021566, 0.0)","(-0.003545540974183324, 0.17427309593918136, 0.0013563170717855472)","(1.5751312270335487, -0.0165992846114868, -0.014895237583634037)","[-0.003830484462197303, 0.0029878293908247033, -0.0005104604537594544]","[-0.026750000193715096, 0.05299999937415123, 0.03999999910593033]","[0.0, -0.0, 0.530618387446707]","[-0.06318680942058563, 0.11509958654642105, 0.03999999910593033]","[0.0, 0.0, -0.16988732672797371]","[0.026750000193715096, 0.05299999937415123, 0.03999999910593033]","[0.0, 0.0, -0.48413572822345474]","[0.060261938720941544, 0.11672558635473251, 0.03999999910593033]","[0.0, -0.0, 0.22326501128920798]",0.5162744553463938,-3.4425444686317994,"(0.0, 0.0, 0.0, 0.0, 0.0, 0.0)",-70.15114112224883,-0.6749546018180929,6.132268114759348,"(0.0, 0.0, 0.0, 0.0, 0.0, 0.0)",-38.26535929387956,-0.4701838935459186,3.3484384740635758,"(0.0, 0.0, 0.0, 0.0, 0.0, 0.0)",69.87692499802071,0.6824758985354399,-5.98195968130957,"(0.0, 0.0, 0.0, 0.0, 0.0, 0.0)",37.661128811877404,True,"(-0.03333245158212167, 0.18865852943394712, 0.04216159084376295)","(0.9997504509633757, -0.014814681623026802, 0.016720077958413283)",-0.002833762403007998,519.9027494930331,True,"(0.02650016970176467, 0.18879816170281472, 0.039998808587164064)","(-0.9993894819668518, 0.034917672738626386, -0.0011914128359344625)",-0.001295749528660214,514.0517576765876
19,Move,"(-0.0296, 0.0, 0.0167)","(0.0, 0.008583529261308114, 0.0)","(-0.00460509599337966, 0.1766812419925216, 0.0015072370834049074)","(1.5720843367799529, -0.02124300930517391, 0.025999141283738536)","[-0.004890039481393638, 0.005395975444164952, -0.0003595404421400943]","[-0.026750000193715096, 0.05299999937415123, 0.03999999910593033]","[0.0, -0.0, 0.5301078629890534]","[-0.06315509974956512, 0.11511818319559097, 0.03999999910593033]","[0.0, 0.0, -0.12811198402841342]","[0.026750000193715096, 0.05299999937415123, 0.03999999910593033]","[0.0, 0.0, -0.45248907169839775]","[0.05822879076004028, 0.11775404214859009, 0.03999999910593033]","[0.0, -0.0, 0.21338283023830473]",0.537299586658376,1.7260310292139098,"(0.0, 0.0, 0.0, 0.0, 0.0, 0.0)",-0.27606810634153384,-0.6598930026155811,-0.4015750598037739,"(0.0, 0.0, 0.0, 0.0, 0.0, 0.0)",-0.016044101167221592,-0.45110283062220247,0.33269273772857444,"(0.0, 0.0, 0.0, 0.0, 0.0, 0.0)",-0.05866531250370239,0.6675324251514851,0.3985290572744087,"(0.0, 0.0, 0.0, 0.0, 0.0, 0.0)",-0.008648973083791619,True,"(-0.03639855814698535, 0.18984024229354474, 0.04216444290159784)","(0.999793263366938, -0.005510222737101189, 0.019572122303834906)",-0.0009464165978588881,0.0,True,"(0.025202708410845112, 0.1899886237168515, 0.03783317074361296)","(-0.9996472992952776, -0.014936609234108784, -0.021958477093032815)",-0.0014962864180036023,0.0
20,Move,"(-0.0439, 0.0, 0.0166)","(0.0, 0.039882518737322424, 0.0)","(-0.007894651067819102, 0.17792304801306502, 0.0013654236777479796)","(1.569741381145939, -0.0170314446472087, 0.08331495757677627)","[-0.008179594555833081, 0.006637781464708364, -0.000501353847797022]","[-0.026750000193715096, 0.05299999937415123, 0.03999999910593033]","[0.0, -0.0, 0.5729192262207433]","[-0.06578029692173004, 0.11350318789482117, 0.03999999910593033]","[0.0, 0.0, -0.0880717998154791]","[0.026750000193715096, 0.05299999937415123, 0.03999999910593033]","[0.0, 0.0, -0.4324787986886808]","[0.056926827877759933, 0.11837093532085419, 0.03999999910593033]","[0.0, -0.0, 0.23582609722054043]",0.5807598454017459,1.8817548509103936,"(0.0, 0.0, 0.0, 0.0, 0.0, 0.0)",-0.3065711033785047,-0.6608811941392578,0.02635177396471189,"(0.0, 0.0, 0.0, 0.0, 0.0, 0.0)",-0.023099846921912533,-0.4277987636042905,1.123192064886639,"(0.0, 0.0, 0.0, 0.0, 0.0, 0.0)",0.11336055781361211,0.6682172700269159,-0.02101687682526772,"(0.0, 0.0, 0.0, 0.0, 0.0, 0.0)",0.16077665346597,True,"(-0.04203773909518532, 0.18926080479905588, 0.042164113410621776)","(0.9972303713972113, 0.071842240378228, 0.019242631327775078)",0.0011657660778318232,0.0,True,"(0.02228984667089018, 0.18981170000098607, 0.03783588658937822)","(-0.9972303713972114, -0.07184224037822999, -0.01924263132777187)",-0.000980051138307853,2.175882765343828
21,Move,"(-0.04870000000000001, 0.0, 0.0132)","(0.0, 0.05973912963726191, 0.0)","(-0.012182906529632947, 0.17878517122022056, 0.001035528414128761)","(1.5715785958483866, -0.006136304247317067, 0.14195747293204805)","[-0.012467850017646926, 0.0074999046718638995, -0.0008312491114162407]","[-0.026750000193715096, 0.05299999937415123, 0.03999999910593033]","[0.0, -0.0, 0.6171876413257175]","[-0.06841956824064255, 0.11171667277812958, 0.03999999910593033]","[0.0, 0.0, -0.04362150095784897]","[0.026750000193715096, 0.05299999937415123, 0.03999999910593033]","[0.0, 0.0, -0.4040150838906543]","[0.055054161697626114, 0.11920328438282013, 0.03999999910593033]","[0.0, -0.0, 0.26394338952548174]",0.6250886249517539,1.896232600287025,"(0.0, 0.0, 0.0, 0.0, 0.0, 0.0)",-0.30858680780857584,-0.6608163588933893,-0.0017289398898263646,"(0.0, 0.0, 0.0, 0.0, 0.0, 0.0)",-0.022935748009797193,-0.39874712883242597,1.2643127240393335,"(0.0, 0.0, 0.0, 0.0, 0.0, 0.0)",-0.046544979361758,0.6679802205151064,0.005207892853891078,"(0.0, 0.0, 0.0, 0.0, 0.0, 0.0)",0.07674237573987867,False,,,,,True,"(0.018425950406439108, 0.18961046234852458, 0.03784551127752114)","(-0.9912793881536283, -0.13142552944790234, -0.009617943184850335)",-0.0006710439125675459,1.1747635897407636
22,Move,"(-0.04870000000000001, 0.0, 0.0132)","(0.0, 0.05973912963726191, 0.0)","(-0.01515310361622408, 0.18034231079611093, 0.001507683814220283)","(1.5416268272090152, -0.0005149687390730977, 0.17058394394592286)","[-0.015438047104238059, 0.009057044247754276, -0.00035909371132471853]","[-0.026750000193715096, 0.05299999937415123, 0.03999999910593033]","[0.0, -0.0, 0.576301309729935]","[-0.06598469614982605, 0.11337084323167801, 0.03999999910593033]","[0.0, 0.0, -0.02356312121398596]","[0.026750000193715096, 0.05299999937415123, 0.03999999910593033]","[0.0, 0.0, -0.34249857608970646]","[0.05093059688806534, 0.120818130671978, 0.03999999910593033]","[0.0, -0.0, 0.271269266519934]",0.5619061550349067,-3.454828498567451,"(0.0, 0.0, 0.0, 0.0, 0.0, 0.0)",-70.51140566101193,-0.574670825576609,6.046456972069586,"(0.0, 0.0, 0.0, 0.0, 0.0, 0.0)",-37.908462442231766,-0.3292391799883219,3.1822629760417804,"(0.0, 0.0, 0.0, 0.0, 0.0, 0.0)",67.25306723236696,0.5904499113539422,-5.596313477107163,"(0.0, 0.0, 0.0, 0.0, 0.0, 0.0)",34.99983170329683,True,"(-0.04717781001600327, 0.1906428223733244, 0.04000401724938459)","(0.9853548738796123, 0.17046886581840207, 0.00401725133404795)",-0.0024335599092200305,509.3507746599652,True,"(0.013763861459203351, 0.19102633538373195, 0.039995982748665955)","(-0.9853548738796135, -0.17046886581839593, -0.004017251334048223)",-0.0013719207065745252,484.5993895106977
23,Move,"(-0.0533, 0.0, 0.0126)","(0.0, 0.07790626182127092, 0.0)","(-0.01913311197068778, 0.18043376521551555, 0.0024485893464350436)","(1.5288959655388041, -0.016011160079897644, 0.1562611552500145)","[-0.01941805545870176, 0.009148498667158889, 0.0005818118208900419]","[-0.026750000193715096, 0.05299999937415123, 0.03999999910593033]","[0.0, -0.0, 0.5860249641310405]","[-0.06656985729932785, 0.1129864901304245, 0.03999999910593033]","[0.0, -0.0, 0.02793762095792893]","[0.026750000193715096, 0.05299999937415123, 0.03999999910593033]","[0.0, 0.0, -0.2976862312942306]","[0.04786824807524681, 0.12183327227830887, 0.03999999910593033]","[0.0, -0.0, 0.276796579617557]",0.5959967070445451,2.393235816448064,"(0.0, 0.0, 0.0, 0.0, 0.0, 0.0)",-0.3846233271275972,-0.5597452480556572,-0.3979136563327632,"(0.0, 0.0, 0.0, 0.0, 0.0, 0.0)",-0.02415299617056633,-0.2923950401580577,1.2698865872081857,"(0.0, 0.0, 0.0, 0.0, 0.0, 0.0)",-0.21135463516399536,0.5760798224911712,0.38328671960709004,"(0.0, 0.0, 0.0, 0.0, 0.0, 0.0)",-0.02002377623280147,True,"(-0.05175857821408386, 0.19108993315895498, 0.04000306135991296)","(0.985859070454494, 0.16754856393918963, 0.0030613599129645027)",-0.0010217620228993398,0.0,True,"(0.0103153902853583, 0.1918274610522378, 0.039996938640087035)","(-0.9858590704544914, -0.167548563939204, -0.0030613599129642784)",-0.0015091742327355054,0.0
24,Move,"(-0.0577, 0.0, 0.0096)","(0.0, 0.08508829169322756, 0.0)","(-0.024313867613129047, 0.18001925888436654, 0.0019140855385267274)","(1.5594545537446813, -0.0254950517672828, 0.12090818557206284)","[-0.024598811101143026, 0.008733992336009883, 4.730801298172575e-05]","[-0.026750000193715096, 0.05299999937415123, 0.03999999910593033]","[0.0, -0.0, 0.633356253992111]","[-0.06936344504356384, 0.1110352873802185, 0.03999999910593033]","[0.0, -0.0, 0.07252393337976643]","[0.026750000193715096, 0.05299999937415123, 0.03999999910593033]","[0.0, 0.0, -0.26500317108145494]","[0.045607686042785645, 0.12248659878969193, 0.03999999910593033]","[0.0, -0.0, 0.3119708997723937]",0.6409918590910068,1.8325530046168543,"(0.0, 0.0, 0.0, 0.0, 0.0, 0.0)",-0.2985684493033133,-0.560723223883921,0.026174158609624205,"(0.0, 0.0, 0.0, 0.0, 0.0, 0.0)",-0.022505267946129306,-0.2589119504212994,1.4618844050622135,"(0.0, 0.0, 0.0, 0.0, 0.0, 0.0)",-0.23770181079038324,0.5768848585750019,-0.021394100420964037,"(0.0, 0.0, 0.0, 0.0, 0.0, 0.0)",-0.017454878721540053,True,"(-0.0580480747534757, 0.18972127205964406, 0.04000306135991296)","(0.985859070454494, 0.16754856393918963, 0.0030613599129645027)",0.00032776235622325206,0.0,True,"(0.00561656714774058, 0.19111686954427215, 0.039996938640087035)","(-0.9858590704544914, -0.167548563939204, -0.0030613599129642784)",-0.000820378139819488,0.0
25,Move,"(-0.0548, 0.0, 0.0092)","(0.0, 0.07790626182127092, 0.0)","(-0.028999673117013954, 0.17956087127457365, 0.001143860319754268)","(1.5893043738735746, -0.006817978724132074, 0.1127762299622668)","[-0.029284616605027933, 0.008275604726216995, -0.0007229172057907336]","[-0.026750000193715096, 0.05299999937415123, 0.03999999910593033]","[0.0, -0.0, 0.6709844644211903]","[-0.07151652872562408, 0.10939111560583115, 0.03999999910593033]","[0.0, -0.0, 0.11033314601548601]","[0.026750000193715096, 0.05299999937415123, 0.03999999910593033]","[0.0, 0.0, -0.23683925968095978]","[0.04364345222711563, 0.12299007922410965, 0.03999999910593033]","[0.0, -0.0, 0.3399423850043233]",0.6772040518353611,1.4926860180933812,"(0.0, 0.0, 0.0, 0.0, 0.0, 0.0)",-0.24295864624928631,-0.5606585637454221,-0.0017242703599702476,"(0.0, 0.0, 0.0, 0.0, 0.0, 0.0)",-0.018073086765638978,-0.23237537043549292,1.071334847689419,"(0.0, 0.0, 0.0, 0.0, 0.0, 0.0)",-0.1626573548172963,0.5767907488100172,0.00218900209923422,"(0.0, 0.0, 0.0, 0.0, 0.0, 0.0)",-0.006863654924470486,True,"(-0.06278220856719641, 0.1849361365672319, 0.05018644120927304)","(0.9935831725184867, 0.11049619978534937, 0.024146824244512328)",0.0012584251370937416,0.0,True,"(0.0017595310368616682, 0.19051221724948533, 0.037841733457507076)","(-0.9941586298955036, -0.10709422081799509, -0.013395763198915982)",-0.000581075888296073,0.0844977508247475
26,Move,"(-0.06509999999999999, 0.0, 0.008400000000000001)","(0.0, 0.09133133442761127, 0.0)","(-0.03377037354745084, 0.1789877564813346, 0.0005741324937279072)","(1.571229903312627, 0.0005206859486381073, 0.16586407407595347)","[-0.03405531703546482, 0.007702489932977952, -0.0012926450318170944]","[-0.026750000193715096, 0.05299999937415123, 0.03999999910593033]","[0.0, -0.0, 0.7081323145864079]","[-0.07357996702194214, 0.10768961161375046, 0.03999999910593033]","[0.0, -0.0, 0.14746971023273092]","[0.026750000193715096, 0.05299999937415123, 0.03999999910593033]","[0.0, 0.0, -0.2065822546766177]","[0.041518352925777435, 0.12346911430358887, 0.03999999910593033]","[0.0, -0.0, 0.3700396814718941]",0.7149463326073103,1.6353702086039992,"(0.0, 0.0, 0.0, 0.0, 0.0, 0.0)",-0.2661835067664295,-0.5606618677194979,0.00017156039371437666,"(0.0, 0.0, 0.0, 0.0, 0.0, 0.0)",-0.01981119054415397,-0.20072119238152153,1.4066510653674038,"(0.0, 0.0, 0.0, 0.0, 0.0, 0.0)",-0.2290244269902364,0.5766390791186904,0.004116540396307106,"(0.0, 0.0, 0.0, 0.0, 0.0, 0.0)",-0.017095664251435022,True,"(-0.06813718223461687, 0.18674641474008857, 0.037854611129299526)","(0.9882588358356013, 0.15278810481891816, -0.0005180914064691876)",0.001754609072215936,0.0,True,"(-0.0024149784067395014, 0.18978414222886095, 0.04000051809140646)","(-0.9882588358356024, -0.1527881048189112, 0.0005180914064516704)",-0.000261041956279601,0.0
27,Move,"(-0.06720000000000001, 0.0, 0.0055)","(0.0, 0.10680367824654101, 0.0)","(-0.03823439017272523, 0.17804317640680226, 0.0005072371258600332)","(1.5649095099112547, -0.00017589218534174434, 0.18415696034430418)","[-0.03851933366073921, 0.006757909858445599, -0.0013595403996849685]","[-0.026750000193715096, 0.05299999937415123, 0.03999999910593033]","[0.0, -0.0, 0.7439504565040761]","[-0.07550840079784393, 0.10597752779722214, 0.03999999910593033]","[0.0, -0.0, 0.18328939824577373]","[0.026750000193715096, 0.05299999937415123, 0.03999999910593033]","[0.0, 0.0, -0.17372295244914016]","[0.0391952320933342, 0.12391626089811325, 0.03999999910593033]","[0.0, -0.0, 0.4026878430540598]",0.7501030274879791,1.4766062641630484,"(0.0, 0.0, 0.0, 0.0, 0.0, 0.0)",-0.2403559094862231,-0.5606609010528404,4.959165570177004e-05,"(0.0, 0.0, 0.0, 0.0, 0.0, 0.0)",-0.017891901140401158,-0.16787328102085627,1.4039201246016944,"(0.0, 0.0, 0.0, 0.0, 0.0, 0.0)",-0.22859623347702085,0.5764339205386011,0.005542839547890247,"(0.0, 0.0, 0.0, 0.0, 0.0, 0.0)",-0.01707875847056268,True,"(-0.07291971425577778, 0.18528335334585322, 0.03999984273644079)","(0.983477237756294, 0.18103175987495385, -0.00015726355920443573)",0.001650682609411499,0.0,True,"(-0.0068798999093944505, 0.18876471321158236, 0.040000011285296566)","(-0.9832770304025977, -0.18211612052558884, 1.1285296563053414e-05)",-1.288335417045025e-06,0.0
28,Move,"(-0.0684, 0.0, 0.006)","(0.0, 0.08996648695255173, 0.0)","(-0.042675662565701204, 0.17725352422123933, 0.0004697802663376526)","(1.571780319560561, 0.0026444965294642564, 0.1932178100936064)","[-0.042960606053715183, 0.005968257672882671, -0.001396997259207349]","[-0.026750000193715096, 0.05299999937415123, 0.03999999910593033]","[0.0, -0.0, 0.7771150863830769]","[-0.07723823934793472, 0.10433164238929749, 0.03999999910593033]","[0.0, -0.0, 0.2164543245585721]","[0.026750000193715096, 0.05299999937415123, 0.03999999910593033]","[0.0, 0.0, -0.14146285870139585]","[0.03690138831734657, 0.12428078055381775, 0.03999999910593033]","[0.0, -0.0, 0.434809139164945]",0.7828918807345454,1.3864310538243296,"(0.0, 0.0, 0.0, 0.0, 0.0, 0.0)",-0.22568417892971335,-0.560660797537439,-2.7604107026846236e-06,"(0.0, 0.0, 0.0, 0.0, 0.0, 0.0)",-0.016800624410596137,-0.13577068736004042,1.3661199053290343,"(0.0, 0.0, 0.0, 0.0, 0.0, 0.0)",-0.02973508182961055,0.5762845915738346,0.003020759370202907,"(0.0, 0.0, 0.0, 0.0, 0.0, 0.0)",0.08590056477519123,True,"(-0.07728066942032905, 0.1836796928009896, 0.03999984273644079)","(0.983477237756294, 0.18103175987495385, -0.00015726355920443573)",0.0016959495976565492,0.0,True,"(-0.011237815503551268, 0.1876412993731923, 0.03999996487101367)","(-0.9821035542399236, -0.18834173067927237, -3.512898632639187e-05)",-1.0968669091165367e-05,1.3716330848849807
29,Move,"(-0.0688, 0.0, 0.0073)","(0.0, 0.08774468281476293, 0.0)","(-0.04638700618516355, 0.17653374983885367, 0.0006126834080742177)","(1.5659923652868826, -0.002483688645234442, 0.2171078718260619)","[-0.04667194967317753, 0.0052484832904970136, -0.0012540941174707838]","[-0.026750000193715096, 0.05299999937415123, 0.03999999910593033]","[0.0, -0.0, 0.8078594885290681]","[-0.07879229635000229, 0.10275539755821228, 0.03999999910593033]","[0.0, -0.0, 0.24727270680226904]","[0.026750000193715096, 0.05299999937415123, 0.03999999910593033]","[0.0, 0.0, -0.11137063727724016]","[0.034752119332551956, 0.12455394119024277, 0.03999999910593033]","[0.0, -0.0, 0.4645092737064156]",0.8131890803116039,1.2790916918742612,"(0.0, 0.0, 0.0, 0.0, 0.0, 0.0)",-0.934163981174346,-0.5604973490120592,0.021474021410512193,"(0.0, 0.0, 0.0, 0.0, 0.0, 0.0)",-0.23478763281656603,-0.10619667342324872,1.2417513551252515,"(0.0, 0.0, 0.0, 0.0, 0.0, 0.0)",1.0204307522722045,0.5755495047231353,-0.07928922022036115,"(0.0, 0.0, 0.0, 0.0, 0.0, 0.0)",0.6616654908595718,True,"(-0.08127969781141929, 0.182064460557538, 0.03999984273644079)","(0.983477237756294, 0.18103175987495385, -0.00015726355920443573)",0.0015560595685630244,0.0,True,"(-0.015249047114250708, 0.18646457859819926, 0.039997472510117066)","(-0.9777340524532564, -0.20983263442140038, -0.002527489882936238)",-1.2631928966664947e-05,8.605640414394884
30,Move,"(-0.0688, 0.0, 0.0073)","(0.0, 0.08774468281476293, 0.0)","(-0.050092940947080535, 0.1755750098621576, 0.0005257278150037908)","(1.5728398141359203, 0.0012303374583269855, 0.2546487823838487)","[-0.050377884435094514, 0.004289743313800942, -0.001341049710541211]","[-0.026750000193715096, 0.05299999937415123, 0.03999999910593033]","[0.0, -0.0, 0.8359046446997138]","[-0.08016704767942429, 0.10127648711204529, 0.03999999910593033]","[0.0, -0.0, 0.2756963714689592]","[0.026750000193715096, 0.05299999937415123, 0.03999999910593033]","[0.0, 0.0, -0.08352388127533414]","[0.03275672718882561, 0.12474900484085083, 0.03999999910593033]","[0.0, -0.0, 0.49092690700681446]",0.840711463550847,1.1536260086748173,"(0.0, 0.0, 0.0, 0.0, 0.0, 0.0)",-0.18772146173863577,-0.5602372131891175,-0.006936955278445289,"(0.0, 0.0, 0.0, 0.0, 0.0, 0.0)",-0.013901679244274419,-0.07865999227691751,1.1673304198942334,"(0.0, 0.0, 0.0, 0.0, 0.0, 0.0)",-0.02610559188698791,0.5745576425269603,0.025628226525527285,"(0.0, 0.0, 0.0, 0.0, 0.0, 0.0)",0.07443782950189579,True,"(-0.08490739426574925, 0.18048282521053655, 0.03999984273644079)","(0.983477237756294, 0.18103175987495385, -0.00015726355920443573)",0.0013334344176182758,0.0,True,"(-0.018860241281307553, 0.185308767928605, 0.03999854492964704)","(-0.9697508053760119, -0.24409272468233106, -0.0014550703529646256)",-1.5768636001236643e-05,1.1552635654661543
31,Move,"(-0.07, 0.0, 0.007200000000000001)","(0.0, 0.08280714636087097, 0.0)","(-0.05367613109159162, 0.17470431264133177, 0.0006569180489707367)","(1.5678293665765415, -0.000694879476916845, 0.2971274206078654)","[-0.0539610745796056, 0.0034190460929751088, -0.001209859476574265]","[-0.026750000193715096, 0.05299999937415123, 0.03999999910593033]","[0.0, -0.0, 0.8616515478856884]","[-0.08139216899871826, 0.09988532215356827, 0.03999999910593033]","[0.0, -0.0, 0.3017940187177251]","[0.026750000193715096, 0.05299999937415123, 0.03999999910593033]","[0.0, 0.0, -0.0556232877635664]","[0.030752811580896378, 0.12488864362239838, 0.03999999910593033]","[0.0, -0.0, 0.5174717043024073]",0.866113013928963,1.070772996090349,"(0.0, 0.0, 0.0, 0.0, 0.0, 0.0)",-0.7618289574579572,-0.5597940406931261,0.015227853655745197,"(0.0, 0.0, 0.0, 0.0, 0.0, 0.0)",-0.18465282031739386,-0.05059345428570051,1.2071589482305247,"(0.0, 0.0, 0.0, 0.0, 0.0, 0.0)",0.9714240540347561,0.5728551560833719,-0.057562652625828284,"(0.0, 0.0, 0.0, 0.0, 0.0, 0.0)",0.6445241778922308,True,"(-0.08819776234929222, 0.17894099123483218, 0.03999984273644079)","(0.983477237756294, 0.18103175987495385, -0.00015726355920443573)",0.0006500875580133501,0.0,True,"(-0.02244907318705697, 0.1840423259363824, 0.039999246141926716)","(-0.9586756293049438, -0.2845003857199061, -0.0007538580732876056)",-2.4206745955148073e-05,8.124241351075858
32,Move,"(-0.0713, 0.0, 0.0067)","(0.0, 0.07790626182127092, 0.0)","(-0.057109623446829065, 0.17360661271781438, 0.0006740661428561321)","(1.571083802982172, 0.00045940040084975644, 0.33546077276074143)","[-0.057394566934843044, 0.0023213461694577275, -0.0011927113826888697]","[-0.026750000193715096, 0.05299999937415123, 0.03999999910593033]","[0.0, -0.0, 0.8856335596685808]","[-0.08250074833631516, 0.09856154024600983, 0.03999999910593033]","[0.0, -0.0, 0.3283864527431724]","[0.026750000193715096, 0.05299999937415123, 0.03999999910593033]","[0.0, 0.0, -0.02669428137757442]","[0.028671760112047195, 0.12497434765100479, 0.03999999910593033]","[0.0, -0.0, 0.5412515869661925]",0.8898731404253103,1.0175353379189478,"(0.0, 0.0, 0.0, 0.0, 0.0, 0.0)",-4.638692245193518,-0.5559397285947729,0.3137387399947989,"(0.0, 0.0, 0.0, 0.0, 0.0, 0.0)",-1.981114268119955,-0.021529209455272993,1.2396174282738288,"(0.0, 0.0, 0.0, 0.0, 0.0, 0.0)",4.95569581529331,0.5657150205521313,-0.5354014600139585,"(0.0, 0.0, 0.0, 0.0, 0.0, 0.0)",2.8680421097914297,True,"(-0.09137084253732784, 0.17730521907587826, 0.04214508782999182)","(0.9453911605430967, 0.32593788742024354, 0.00021705069782125268)",-0.00019727165705395912,17.999199332694953,True,"(-0.025915368059494803, 0.18282756641914744, 0.039999782949302176)","(-0.9453911605430976, -0.325937887420241, -0.00021705069783143306)",-4.222315326543942e-05,36.58871991280867
33,Move,"(-0.0625, 0.0, 0.0046)","(0.0, 0.09488133412616774, 0.0)","(-0.059009787983414025, 0.17286753267346883, 0.0007470713998405556)","(1.5699645460555076, 0.00028742161579304877, 0.35109968869737035)","[-0.059294731471428004, 0.0015822661251121695, -0.001119706125704446]","[-0.026750000193715096, 0.05299999937415123, 0.03999999910593033]","[0.0, -0.0, 0.9025154806150762]","[-0.08326194435358047, 0.09761390089988708, 0.03999999910593033]","[0.0, -0.0, 0.35049401439017314]","[0.026750000193715096, 0.05299999937415123, 0.03999999910593033]","[0.0, 0.0, -0.00506240118931989]","[0.027114491909742355, 0.12499907612800598, 0.03999999910593033]","[0.0, -0.0, 0.5525713873521043]",0.9048854089865178,0.5687720434793138,"(0.0, 0.0, 0.0, 0.0, 0.0, 0.0)",-3.254236647030507,-0.5513113417119331,0.1704437309566148,"(0.0, 0.0, 0.0, 0.0, 0.0, 0.0)",-1.221837501102087,-0.0018699842317949377,0.7661799004487834,"(0.0, 0.0, 0.0, 0.0, 0.0, 0.0)",4.878534152597572,0.5561465457861359,-0.3569317338982681,"(0.0, 0.0, 0.0, 0.0, 0.0, 0.0)",2.782611676627629,True,"(-0.09387055842163386, 0.1761422585157797, 0.04214508782999182)","(0.9453911605430967, 0.32593788742024354, 0.00021705069782125268)",5.0299332795797824e-05,7.209587231221641,True,"(-0.028122426916545696, 0.18222628768824134, 0.04000033491468158)","(-0.9400566108981895, -0.3410182636439957, 0.00033491468157851657)",-8.351235317519303e-05,35.28595481114436
34,Move,"(-0.0738, 0.0, 0.0048)","(0.0, 0.08151385738514316, 0.0)","(-0.06164306205118235, 0.1718330800807619, 0.0008179482292670474)","(1.569516686949811, -6.232899050354109e-05, 0.3762681751171282)","[-0.06192800553919633, 0.0005478135324052391, -0.0010488292962779542]","[-0.026750000193715096, 0.05299999937415123, 0.03999999910593033]","[0.0, -0.0, 0.9204594315373963]","[-0.08405335247516632, 0.0965927243232727, 0.03999999910593033]","[0.0, -0.0, 0.3753211567770974]","[0.026750000193715096, 0.05299999937415123, 0.03999999910593033]","[0.0, -0.0, 0.021644316267880163]","[0.02519173175096512, 0.12498313188552856, 0.03999999910593033]","[0.0, -0.0, 0.5639722362338783]",0.9240675389797305,0.8659396361963885,"(0.0, 0.0, 0.0, 0.0, 0.0, 0.0)",-6.801718297838065,-0.5436577102401524,0.35535019328241213,"(0.0, 0.0, 0.0, 0.0, 0.0, 0.0)",-2.4207904194788497,0.02720100232976326,1.3336047489319476,"(0.0, 0.0, 0.0, 0.0, 0.0, 0.0)",9.473723810889789,0.5391081540722833,-0.7727324777930354,"(0.0, 0.0, 0.0, 0.0, 0.0, 0.0)",5.408071382239287,True,"(-0.09660812980998683, 0.17483352923969192, 0.04214508782999182)","(0.9453911605430967, 0.32593788742024354, 0.00021705069782125268)",0.00010734277234963111,15.46617475935896,True,"(-0.03068982529371044, 0.1815659228153431, 0.03999982819642693)","(-0.9319120872635251, -0.3626842043647234, -0.00017180357307215513)",-0.00012887845247904362,68.15082081806159
35,Move,"(-0.07440000000000001, 0.0, 0.0019)","(0.0, 0.10187835909741304, 0.0)","(-0.0640668282321593, 0.1706059683284171, 0.0008520365435422461)","(1.5712597076831751, 0.0013931120316103534, 0.4030369106866648)","[-0.06435177172017327, -0.0006792982199395614, -0.0010147409820027557]","[-0.026750000193715096, 0.05299999937415123, 0.03999999910593033]","[0.0, -0.0, 0.9375206665894448]","[-0.0847887173295021, 0.09560877084732056, 0.03999999910593033]","[0.0, -0.0, 0.4020674273523628]","[0.026750000193715096, 0.05299999937415123, 0.03999999910593033]","[0.0, -0.0, 0.05106810636294033]","[0.023074693977832794, 0.12490613758563995, 0.03999999910593033]","[0.0, -0.0, 0.5740274192315394]",0.9402402434183061,0.6527134857121898,"(0.0, 0.0, 0.0, 0.0, 0.0, 0.0)",-7.7964456744654935,-0.5337954114657758,0.39786234161974937,"(0.0, 0.0, 0.0, 0.0, 0.0, 0.0)",-2.9055133540661098,0.056132593940680535,1.2154777123019038,"(0.0, 0.0, 0.0, 0.0, 0.0, 0.0)",10.645451684474816,0.5194226305678262,-0.848794066252537,"(0.0, 0.0, 0.0, 0.0, 0.0, 0.0)",5.999671927766668,True,"(-0.09943140885286281, 0.1734858337093318, 0.04214508782999182)","(0.9453911605430967, 0.32593788742024354, 0.00021705069782125268)",0.0001400114643150391,17.502826833479602,True,"(-0.0333665108848344, 0.1809084285222616, 0.04000140908421188)","(-0.9217514153639169, -0.387778729117908, 0.0014090842118838986)",-0.000173314258028072,76.1826707163064
36,Move,"(-0.06409999999999999, 0.0, 0.0040999999999999995)","(0.0, 0.08996648695255173, 0.0)","(-0.06560403304029377, 0.1697867302085292, 0.0008360856866000874)","(1.5705590763443358, -0.00018927146393576825, 0.427923075353952)","[-0.06588897652830775, -0.0014985363398274665, -0.0010306918389449142]","[-0.026750000193715096, 0.05299999937415123, 0.03999999910593033]","[0.0, -0.0, 0.9483617424374121]","[-0.0852472260594368, 0.09497707337141037, 0.03999999910593033]","[0.0, -0.0, 0.4193273008642714]","[0.026750000193715096, 0.05299999937415123, 0.03999999910593033]","[0.0, -0.0, 0.07320534849297741]","[0.021483920514583588, 0.12480716407299042, 0.03999999910593033]","[0.0, -0.0, 0.5805265608331013]",0.9499545566727248,0.3822897564045251,"(0.0, 0.0, 0.0, 0.0, 0.0, 0.0)",-6.752511184223251,-0.5271594633144576,0.45000288994505994,"(0.0, 0.0, 0.0, 0.0, 0.0, 0.0)",-2.9028367116818483,0.07652026580905133,0.7955803889659194,"(0.0, 0.0, 0.0, 0.0, 0.0, 0.0)",8.830587501129639,0.504399942518978,-0.7011044944691699,"(0.0, 0.0, 0.0, 0.0, 0.0, 0.0)",4.915291427466963,True,"(-0.10127690518922675, 0.17269094213585023, 0.04000017397953278)","(0.9103265194583772, 0.4138908040799159, 0.00017397953278107335)",-0.0004591161500594391,27.23877108310862,True,"(-0.03531117336394557, 0.18042132412908896, 0.03999982602046722)","(-0.9103265194583761, -0.4138908040799177, -0.00017397953278235631)",-0.00021099321298059475,62.97023409703191
37,Move,"(-0.06620000000000001, 0.0, 0.003)","(0.0, 0.10333396369357628, 0.0)","(-0.06692021255867717, 0.16946460577556205, 0.0008594203731885597)","(1.5704030693601942, -0.0002409769355348528, 0.4372644841718081)","[-0.06720515604669114, -0.0018206607727946078, -0.001007357152356442]","[-0.026750000193715096, 0.05299999937415123, 0.03999999910593033]","[0.0, -0.0, 0.9568635135371126]","[-0.08560198545455933, 0.09447823464870453, 0.03999999910593033]","[0.0, -0.0, 0.43820977555991714]","[0.026750000193715096, 0.05299999937415123, 0.03999999910593033]","[0.0, -0.0, 0.09328422820301055]","[0.020043272525072098, 0.12468695640563965, 0.03999999910593033]","[0.0, -0.0, 0.5811804462675527]",0.9583629641085555,0.35987214639437376,"(0.0, 0.0, 0.0, 0.0, 0.0, 0.0)",-7.418720427474805,-0.5170914794629285,0.3749306362424377,"(0.0, 0.0, 0.0, 0.0, 0.0, 0.0)",-2.6719488525351265,0.09702926813286379,0.8988093806700921,"(0.0, 0.0, 0.0, 0.0, 0.0, 0.0)",11.502728621813326,0.48413782295575475,-0.9020222806973335,"(0.0, 0.0, 0.0, 0.0, 0.0, 0.0)",6.492318895312098,True,"(-0.1030490098838557, 0.1717750057291873, 0.0421450681231442)","(0.9093564613818912, 0.41601777269536194, 0.0001973438501886244)",8.155235720266165e-05,18.13985471009074,True,"(-0.03678504813744012, 0.18025716526999583, 0.03999978056496951)","(-0.906926310444074, -0.4212892346981659, -0.0002194350304906701)",-0.0003319352430940836,81.30726414649953
38,Move,"(-0.07640000000000001, 0.0, 0.0)","(0.0, 0.10187835909741304, 0.0)","(-0.06899977098329346, 0.16902708093991123, 0.0009119390244070741)","(1.5705446904856395, -0.0008860632233215975, 0.45924165773290193)","[-0.06928471447130743, -0.002258185608445429, -0.0009548385011379276]","[-0.026750000193715096, 0.05299999937415123, 0.03999999910593033]","[0.0, -0.0, 0.9672972479307707]","[-0.08603154867887497, 0.09386193752288818, 0.03999999910593033]","[0.0, -0.0, 0.4605697775064315]","[0.026750000193715096, 0.05299999937415123, 0.03999999910593033]","[0.0, -0.0, 0.1208373378825956]","[0.018070871010422707, 0.12447497993707657, 0.03999999910593033]","[0.0, -0.0, 0.5817303686038119]",0.9693343011887156,0.4888886784720465,"(0.0, 0.0, 0.0, 0.0, 0.0, 0.0)",-11.252077776441013,-0.5043073678714147,0.5808330514945602,"(0.0, 0.0, 0.0, 0.0, 0.0, 0.0)",-4.021624140475628,0.12633956023372211,1.3205372096059362,"(0.0, 0.0, 0.0, 0.0, 0.0, 0.0)",15.566595313402978,0.45558636161731997,-1.2735982492171896,"(0.0, 0.0, 0.0, 0.0, 0.0, 0.0)",8.910941957929598,True,"(-0.10520241982455186, 0.17074930691724072, 0.0421450681231442)","(0.9093564613818912, 0.41601777269536194, 0.0001973438501886244)",0.0001717330660038644,27.276030801307115,True,"(-0.03877960254022727, 0.17999633666648915, 0.039999200328247435)","(-0.8982995741637052, -0.4393827893561533, -0.0007996717525702029)",-0.00035757508842881576,109.7980735845314
39,Move,"(-0.0768, 0.0, 0.0004)","(0.0, 0.11675554564141268, 0.0)","(-0.07102639879205538, 0.1683114908983269, 0.0009476555645405931)","(1.5709781372647422, -0.0009542719398596049, 0.48293717076373993)","[-0.07131134228006936, -0.002973775650029764, -0.0009191219610044085]","[-0.026750000193715096, 0.05299999937415123, 0.03999999910593033]","[0.0, -0.0, 0.9780545595279718]","[-0.0864676758646965, 0.09322188049554825, 0.03999999910593033]","[0.0, -0.0, 0.4847823591009665]","[0.026750000193715096, 0.05299999937415123, 0.03999999910593033]","[0.0, -0.0, 0.1508267436491579]","[0.01593160070478916, 0.12418259680271149, 0.03999999910593033]","[0.0, -0.0, 0.5823243081344205]",0.9799064974052375,0.44447264909165995,"(0.0, 0.0, 0.0, 0.0, 0.0, 0.0)",-11.418996948688386,-0.49087234806731556,0.5759699915272987,"(0.0, 0.0, 0.0, 0.0, 0.0, 0.0)",-4.078812277227755,0.15608567211342897,1.2621413510891877,"(0.0, 0.0, 0.0, 0.0, 0.0, 0.0)",15.38088612678079,0.42631686069773117,-1.2433581666250362,"(0.0, 0.0, 0.0, 0.0, 0.0, 0.0)",8.815840689340817,True,"(-0.1074943818769066, 0.1696225811414812, 0.0421450681231442)","(0.9093564613818912, 0.41601777269536194, 0.0001973438501886244)",0.0001771526622987464,26.86496375301585,True,"(-0.040941401494224317, 0.17964948608873862, 0.0399989715642783)","(-0.8876019162890371, -0.46061022624339937, -0.001028435721697103)",-0.000376672762324985,108.11650339743007
40,Move,"(-0.0768, 0.0, 0.0005)","(0.0, 0.12178209388715636, 0.0)","(-0.0729581674786739, 0.16739738920191607, 0.000951056693297396)","(1.5706563176108432, 0.0011300082967385518, 0.5064522557437782)","[-0.07324311096668787, -0.0038878773464405825, -0.0009157208322476057]","[-0.026750000193715096, 0.05299999937415123, 0.03999999910593033]","[0.0, -0.0, 0.9876264892789755]","[-0.08684992790222168, 0.09264843910932541, 0.03999999910593033]","[0.0, -0.0, 0.508414172141842]","[0.026750000193715096, 0.05299999937415123, 0.03999999910593033]","[0.0, -0.0, 0.18028736470380372]","[0.013839514926075935, 0.12383303791284561, 0.03999999910593033]","[0.0, -0.0, 0.5828027755236542]",0.9892617006670003,0.3924787543164366,"(0.0, 0.0, 0.0, 0.0, 0.0, 0.0)",-12.343376510801791,-0.47680205661268127,0.5784389281940201,"(0.0, 0.0, 0.0, 0.0, 0.0, 0.0)",-4.1689670896388495,0.18552862357619043,1.257901345264264,"(0.0, 0.0, 0.0, 0.0, 0.0, 0.0)",16.283254327691296,0.3969711486838821,-1.3306190603803272,"(0.0, 0.0, 0.0, 0.0, 0.0, 0.0)",9.271469470870173,True,"(-0.10967608865354952, 0.16853095274632046, 0.0421450681231442)","(0.9093564613818912, 0.41601777269536194, 0.0001973438501886244)",0.0001662288006601026,27.470689999937665,True,"(-0.043049029028104945, 0.1792521394023575, 0.04000061415426345)","(-0.8763893950572824, -0.48160279385160487, 0.0006141542634538156)",-0.0004306772077564422,114.21216262297355
41,Move,"(-0.07690000000000001, 0.0, 0.0005)","(0.0, 0.11675554564141268, 0.0)","(-0.07490409583665116, 0.16678481536231726, 0.001017794098452341)","(1.5707520530004895, -0.0008579610831119123, 0.5425275398990664)","[-0.07518903932466513, -0.004500451186039395, -0.0008489834270926607]","[-0.026750000193715096, 0.05299999937415123, 0.03999999910593033]","[0.0, -0.0, 0.995737961434732]","[-0.08716955780982971, 0.09215962886810303, 0.03999999910593033]","[0.0, -0.0, 0.528295970076265]","[0.026750000193715096, 0.05299999937415123, 0.03999999910593033]","[0.0, -0.0, 0.21036857596699035]","[0.01171493623405695, 0.12341269105672836, 0.03999999910593033]","[0.0, -0.0, 0.5822478634589798]",0.9971706164895155,0.34383490524614174,"(0.0, 0.0, 0.0, 0.0, 0.0, 0.0)",-13.29767356483709,-0.4647082001353649,0.6561166525189718,"(0.0, 0.0, 0.0, 0.0, 0.0, 0.0)",-4.295758093524228,0.2157253373886683,1.2856321387950302,"(0.0, 0.0, 0.0, 0.0, 0.0, 0.0)",18.590454132430597,0.365322533736259,-1.573628632618322,"(0.0, 0.0, 0.0, 0.0, 0.0, 0.0)",10.608742214591818,True,"(-0.08626346222067506, 0.12433309493448617, 0.029027434517143593)","(0.867144857077397, 0.4980530617517595, -0.0017159615142866656)",-0.00017438375831988832,92.25993252809735,True,"(-0.045124650787833655, 0.17883158734217228, 0.039999418245501815)","(-0.8584609137710921, -0.5128786611753361, -0.0005817544981862343)",-0.00046373272057591985,130.2237623671484
42,Move,"(-0.07629999999999999, 0.0, -0.0015)","(0.0, 0.1553779366587952, 0.0)","(-0.07622625682645172, 0.16654512487560755, 0.0010400381992086974)","(1.57078156559474, -0.0016339893903061136, 0.5599772169431176)","[-0.07651120031446569, -0.00474014167274911, -0.0008267393263363043]","[-0.026750000193715096, 0.05299999937415123, 0.03999999910593033]","[0.0, -0.0, 1.00154195047953]","[-0.08739582449197769, 0.09180830419063568, 0.03999999910593033]","[0.0, -0.0, 0.5486789256041523]","[0.026750000193715096, 0.05299999937415123, 0.03999999910593033]","[0.0, -0.0, 0.23836315279322054]","[0.009749910794198513, 0.12296425551176071, 0.03999999910593033]","[0.0, -0.0, 0.5742148842950411]",1.0023684583463757,0.19837420106967704,"(0.0, 0.0, 0.0, 0.0, 0.0, 0.0)",-13.413657223993026,-0.45040392992483347,0.5901530596742124,"(0.0, 0.0, 0.0, 0.0, 0.0, 0.0)",-4.307750788237184,0.24315190740458367,1.1493089796607012,"(0.0, 0.0, 0.0, 0.0, 0.0, 0.0)",18.83323303830075,0.32970309499035805,-1.4756704889103431,"(0.0, 0.0, 0.0, 0.0, 0.0, 0.0)",10.73194933030358,True,"(-0.08714565902755905, 0.12399355102805339, 0.029027434517143593)","(0.867144857077397, 0.4980530617517595, -0.0017159615142866656)",2.0747895161962523e-05,96.01484840572958,True,"(-0.04657062193465261, 0.1787250913751084, 0.037853512310195514)","(-0.8485961043250448, -0.5290387862196483, -0.001616910510477703)",-0.0005146069305839736,131.55543302192433
